 valor_bruto_itens_vendidos 
----------------------------
                13221498.11
(1 row)

 ticket_medio_calculado |  ticket_medio_pago   
------------------------+----------------------
   159.8268387611683493 | 159.8563571628471035
(1 row)

 year | month | customer_state | quantidade_pedidos | quantidade_clientes | quantidade_itens | quantidade_produtos | quantidade_vendedores | valor_bruto_itens | valor_frete | valor_calculado_pedidos | valor_pago | ticket_medio_calculado |  ticket_medio_pago   | tempo_medio_entrega_dias | percentual_entregas_atrasadas 
------+-------+----------------+--------------------+---------------------+------------------+---------------------+-----------------------+-------------------+-------------+-------------------------+------------+------------------------+----------------------+--------------------------+-------------------------------
 2016 |     9 | SP             |                  1 |                   1 |                3 |                   1 |                     1 |            134.97 |        8.49 |                  143.46 |            |   143.4600000000000000 |                      |      54.8131940000000000 |      100.00000000000000000000
 2016 |    10 | AL             |                  1 |                   1 |                1 |                   1 |                     1 |             49.99 |       26.61 |                   76.60 |      76.60 |    76.6000000000000000 |  76.6000000000000000 |      33.0643290000000000 |        0.00000000000000000000
 2016 |    10 | BA             |                  3 |                   3 |                3 |                   3 |                     3 |            244.88 |       76.13 |                  321.01 |     321.01 |   107.0033333333333333 | 107.0033333333333333 |      20.7799960000000000 |        0.00000000000000000000
 2016 |    10 | CE             |                  6 |                   6 |                6 |                   6 |                     5 |           1649.68 |      235.70 |                 1885.38 |    1885.38 |   314.2300000000000000 | 314.2300000000000000 |      27.2327450000000000 |        0.00000000000000000000
 2016 |    10 | DF             |                  6 |                   6 |                8 |                   6 |                     6 |           1043.77 |      156.34 |                 1200.11 |    1200.11 |   200.0183333333333333 | 200.0183333333333333 |      22.9906481666666667 |        0.00000000000000000000
 2016 |    10 | ES             |                  3 |                   3 |                3 |                   3 |                     3 |            859.79 |      132.02 |                  991.81 |     991.81 |   330.6033333333333333 | 330.6033333333333333 |      24.8007793333333333 |        0.00000000000000000000
 2016 |    10 | GO             |                  7 |                   7 |                7 |                   7 |                     5 |            904.49 |      151.63 |                 1056.12 |    1056.12 |   150.8742857142857143 | 150.8742857142857143 |      14.1371810000000000 |        0.00000000000000000000
 2016 |    10 | MA             |                  4 |                   4 |                9 |                   4 |                     4 |            704.26 |      294.59 |                  998.85 |     998.85 |   249.7125000000000000 | 249.7125000000000000 |      28.2430842500000000 |       25.00000000000000000000
 2016 |    10 | MG             |                 35 |                  34 |               39 |                  35 |                    29 |           4274.95 |      662.45 |                 4937.40 |    4959.82 |   141.0685714285714286 | 141.7091428571428571 |      19.8144237428571429 |        0.00000000000000000000
 2016 |    10 | MT             |                  1 |                   1 |                2 |                   1 |                     1 |             47.80 |       53.64 |                  101.44 |     101.44 |   101.4400000000000000 | 101.4400000000000000 |       7.0243400000000000 |        0.00000000000000000000
 2016 |    10 | PA             |                  4 |                   4 |                6 |                   5 |                     4 |           1087.60 |      195.49 |                 1283.09 |    1283.09 |   320.7725000000000000 | 320.7725000000000000 |      27.4996732500000000 |        0.00000000000000000000
 2016 |    10 | PB             |                  1 |                   1 |                1 |                   1 |                     1 |             49.90 |       24.84 |                   74.74 |      74.74 |    74.7400000000000000 |  74.7400000000000000 |      37.7194790000000000 |        0.00000000000000000000
 2016 |    10 | PE             |                  6 |                   6 |                6 |                   6 |                     6 |           1249.60 |      294.35 |                 1543.95 |    1543.95 |   257.3250000000000000 | 257.3250000000000000 |      18.0373881666666667 |        0.00000000000000000000
 2016 |    10 | PI             |                  1 |                   1 |                1 |                   1 |                     1 |            210.00 |       36.09 |                  246.09 |     246.09 |   246.0900000000000000 | 246.0900000000000000 |      27.1837850000000000 |        0.00000000000000000000
 2016 |    10 | PR             |                 19 |                  19 |               29 |                  24 |                    17 |           2004.61 |      470.49 |                 2475.10 |    2580.35 |   130.2684210526315789 | 135.8078947368421053 |      17.1324012631578947 |        0.00000000000000000000
 2016 |    10 | RJ             |                 40 |                  40 |               46 |                  39 |                    30 |           8217.28 |      826.65 |                 9043.93 |    8992.31 |   226.0982500000000000 | 224.8077500000000000 |      19.1836293250000000 |        0.00000000000000000000
 2016 |    10 | RN             |                  4 |                   4 |                5 |                   4 |                     4 |            728.69 |      152.65 |                  881.34 |     881.34 |   220.3350000000000000 | 220.3350000000000000 |      27.1790685000000000 |        0.00000000000000000000
 2016 |    10 | RR             |                  1 |                   1 |                1 |                   1 |                     1 |             39.70 |       29.32 |                   69.02 |      69.02 |    69.0200000000000000 |  69.0200000000000000 |       8.5830670000000000 |        0.00000000000000000000
 2016 |    10 | RS             |                 17 |                  17 |               17 |                  16 |                    16 |           2523.55 |      374.56 |                 2898.11 |    2898.11 |   170.4770588235294118 | 170.4770588235294118 |      18.9363275882352941 |        0.00000000000000000000
 2016 |    10 | SC             |                  9 |                   9 |               13 |                  10 |                     8 |           2238.06 |      262.66 |                 2500.72 |    2500.72 |   277.8577777777777778 | 277.8577777777777778 |      18.3514415555555556 |        0.00000000000000000000
 2016 |    10 | SE             |                  3 |                   3 |                3 |                   3 |                     3 |            285.45 |       60.47 |                  345.92 |     345.92 |   115.3066666666666667 | 115.3066666666666667 |      30.5032713333333333 |        0.00000000000000000000
 2016 |    10 | SP             |                 94 |                  93 |              107 |                  91 |                    64 |          11911.06 |     1648.87 |                13559.93 |   13559.93 |   144.2545744680851064 | 144.2545744680851064 |      18.4964097127659574 |        2.12765957446808510600
 2016 |    12 | PR             |                  1 |                   1 |                1 |                   1 |                     1 |             10.90 |        8.72 |                   19.62 |      19.62 |    19.6200000000000000 |  19.6200000000000000 |       4.6930210000000000 |        0.00000000000000000000
 2017 |     1 | AC             |                  2 |                   1 |                4 |                   3 |                     1 |            589.60 |      133.54 |                  723.14 |     723.15 |   361.5700000000000000 | 361.5750000000000000 |      20.8352720000000000 |        0.00000000000000000000
 2017 |     1 | AL             |                  2 |                   2 |                3 |                   2 |                     2 |            393.97 |       60.39 |                  454.36 |     454.36 |   227.1800000000000000 | 227.1800000000000000 |      15.4452145000000000 |        0.00000000000000000000
 2017 |     1 | BA             |                 24 |                  23 |               29 |                  25 |                    20 |           3788.02 |      537.35 |                 4325.37 |    4325.37 |   180.2237500000000000 | 180.2237500000000000 |      15.0022516666666667 |        4.16666666666666666700
 2017 |     1 | CE             |                  8 |                   8 |                8 |                   8 |                     8 |            894.49 |      190.64 |                 1085.13 |    1085.13 |   135.6412500000000000 | 135.6412500000000000 |      25.5647338750000000 |       12.50000000000000000000
 2017 |     1 | DF             |                 13 |                  13 |               15 |                  14 |                    14 |           1826.63 |      278.12 |                 2104.75 |    2104.75 |   161.9038461538461538 | 161.9038461538461538 |      21.4822480000000000 |       15.38461538461538461500
 2017 |     1 | ES             |                  9 |                   9 |                9 |                   9 |                     9 |            816.20 |      194.58 |                 1010.78 |    1010.78 |   112.3088888888888889 | 112.3088888888888889 |      16.5222040000000000 |       11.11111111111111111100
 2017 |     1 | GO             |                 18 |                  17 |               34 |                  18 |                    18 |           4227.49 |      430.80 |                 4658.29 |    4658.29 |   258.7938888888888889 | 258.7938888888888889 |      12.8221752777777778 |        0.00000000000000000000
 2017 |     1 | MA             |                  6 |                   6 |                6 |                   6 |                     6 |            563.10 |      153.37 |                  716.47 |     716.47 |   119.4116666666666667 | 119.4116666666666667 |      24.7994636666666667 |       16.66666666666666666700
 2017 |     1 | MG             |                102 |                 100 |              130 |                  92 |                    64 |          15753.85 |     2291.38 |                18045.23 |   18070.63 |   176.9140196078431373 | 177.1630392156862745 |      10.9349015196078431 |        0.00000000000000000000
 2017 |     1 | MS             |                  1 |                   1 |                1 |                   1 |                     1 |            149.00 |       21.36 |                  170.36 |     170.36 |   170.3600000000000000 | 170.3600000000000000 |      11.6543170000000000 |        0.00000000000000000000
 2017 |     1 | MT             |                  9 |                   9 |               13 |                  10 |                     9 |           1653.74 |      269.05 |                 1922.79 |    1922.78 |   213.6433333333333333 | 213.6422222222222222 |      15.8091114444444444 |        0.00000000000000000000
 2017 |     1 | PA             |                 10 |                  10 |               10 |                  10 |                    10 |           1258.37 |      264.55 |                 1522.92 |    1522.92 |   152.2920000000000000 | 152.2920000000000000 |      15.0863173000000000 |        0.00000000000000000000
 2017 |     1 | PB             |                  2 |                   2 |                2 |                   2 |                     2 |            409.80 |       53.33 |                  463.13 |     463.13 |   231.5650000000000000 | 231.5650000000000000 |      11.2131425000000000 |        0.00000000000000000000
 2017 |     1 | PE             |                  9 |                   9 |                9 |                   9 |                     9 |           1884.48 |      267.45 |                 2151.93 |    2151.93 |   239.1033333333333333 | 239.1033333333333333 |      20.8163876666666667 |       11.11111111111111111100
 2017 |     1 | PI             |                  7 |                   7 |                7 |                   7 |                     7 |           1250.85 |      203.13 |                 1453.98 |    1453.98 |   207.7114285714285714 | 207.7114285714285714 |      15.0760037142857143 |        0.00000000000000000000
 2017 |     1 | PR             |                 62 |                  48 |               67 |                  47 |                    28 |           5049.63 |      935.37 |                 5985.00 |    5985.00 |    96.5322580645161290 |  96.5322580645161290 |      11.8925484516129032 |        3.22580645161290322600
 2017 |     1 | RJ             |                 91 |                  87 |              103 |                  87 |                    57 |          12048.10 |     1954.63 |                14002.73 |   14040.67 |   153.8761538461538462 | 154.2930769230769231 |      13.8836330549450549 |        4.39560439560439560400
 2017 |     1 | RN             |                  5 |                   5 |                5 |                   5 |                     5 |           1124.87 |      143.26 |                 1268.13 |    1268.13 |   253.6260000000000000 | 253.6260000000000000 |      10.2922106000000000 |        0.00000000000000000000
 2017 |     1 | RO             |                  3 |                   3 |                3 |                   3 |                     3 |            682.19 |      143.32 |                  825.51 |     825.51 |   275.1700000000000000 | 275.1700000000000000 |      28.5149193333333333 |        0.00000000000000000000
 2017 |     1 | RS             |                 52 |                  49 |               63 |                  55 |                    42 |          11903.98 |     1235.96 |                13139.94 |   13139.94 |   252.6911538461538462 | 252.6911538461538462 |      12.9906370000000000 |        1.92307692307692307700
 2017 |     1 | SC             |                 26 |                  26 |               34 |                  27 |                    22 |           5021.57 |      534.04 |                 5555.61 |    5555.61 |   213.6773076923076923 | 213.6773076923076923 |      16.7797599615384615 |        3.84615384615384615400
 2017 |     1 | SE             |                  4 |                   4 |                4 |                   4 |                     4 |            263.80 |      117.98 |                  381.78 |     381.78 |    95.4450000000000000 |  95.4450000000000000 |      13.2508970000000000 |        0.00000000000000000000
 2017 |     1 | SP             |                283 |                 277 |              352 |                 259 |                   140 |          39614.74 |     5223.44 |                44838.18 |   44838.14 |   158.4387985865724382 | 158.4386572438162544 |      10.5156682226148410 |        2.82685512367491166100
 2017 |     1 | TO             |                  2 |                   2 |                2 |                   2 |                     2 |            629.89 |       46.97 |                  676.86 |     676.86 |   338.4300000000000000 | 338.4300000000000000 |      13.3202490000000000 |        0.00000000000000000000
 2017 |     2 | AC             |                  3 |                   3 |                6 |                   3 |                     3 |            450.40 |      147.00 |                  597.40 |     597.40 |   199.1333333333333333 | 199.1333333333333333 |      25.7540316666666667 |        0.00000000000000000000
 2017 |     2 | AL             |                 12 |                  12 |               12 |                  12 |                    12 |           2616.03 |      351.84 |                 2967.87 |    2967.87 |   247.3225000000000000 | 247.3225000000000000 |      28.7265162500000000 |        8.33333333333333333300
 2017 |     2 | AM             |                  8 |                   5 |                8 |                   8 |                     6 |            902.89 |      219.65 |                 1122.54 |    1122.54 |   140.3175000000000000 | 140.3175000000000000 |      16.8405497500000000 |        0.00000000000000000000
 2017 |     2 | AP             |                  2 |                   2 |                6 |                   2 |                     2 |            549.85 |      157.35 |                  707.20 |     707.20 |   353.6000000000000000 | 353.6000000000000000 |      17.1807520000000000 |        0.00000000000000000000
 2017 |     2 | BA             |                 58 |                  57 |               62 |                  56 |                    53 |           6990.78 |     1526.69 |                 8517.47 |    8517.47 |   146.8529310344827586 | 146.8529310344827586 |      21.5726945862068966 |        8.62068965517241379300
 2017 |     2 | CE             |                 13 |                  13 |               14 |                  13 |                    13 |           2095.06 |      388.47 |                 2483.53 |    2483.53 |   191.0407692307692308 | 191.0407692307692308 |      21.4066150769230769 |        7.69230769230769230800
 2017 |     2 | DF             |                 21 |                  21 |               22 |                  20 |                    19 |           9857.81 |      508.79 |                10366.60 |   10366.60 |   493.6476190476190476 | 493.6476190476190476 |      11.6096263809523810 |        0.00000000000000000000
 2017 |     2 | ES             |                 31 |                  30 |               36 |                  30 |                    26 |           3894.59 |      696.12 |                 4590.71 |    4592.37 |   148.0874193548387097 | 148.1409677419354839 |      20.6569444193548387 |        6.45161290322580645200
 2017 |     2 | GO             |                 24 |                  24 |               26 |                  25 |                    22 |           2240.06 |      615.48 |                 2855.54 |    2855.54 |   118.9808333333333333 | 118.9808333333333333 |      22.2890156250000000 |        4.16666666666666666700
 2017 |     2 | MA             |                 11 |                  11 |               11 |                  11 |                    11 |            895.28 |      299.95 |                 1195.23 |    1195.23 |   108.6572727272727273 | 108.6572727272727273 |      15.5539456363636364 |        0.00000000000000000000
 2017 |     2 | MG             |                241 |                 235 |              274 |                 237 |                   126 |          28561.32 |     5356.88 |                33918.20 |   33918.20 |   140.7394190871369295 | 140.7394190871369295 |      12.2618792116182573 |        0.82987551867219917000
 2017 |     2 | MS             |                 11 |                  11 |               12 |                  11 |                    11 |           7519.79 |      391.15 |                 7910.94 |    7927.16 |   719.1763636363636364 | 720.6509090909090909 |      19.8873327272727273 |        9.09090909090909090900
 2017 |     2 | MT             |                 17 |                  17 |               20 |                  16 |                    15 |           2988.40 |      594.96 |                 3583.36 |    3583.36 |   210.7858823529411765 | 210.7858823529411765 |      18.3438248235294118 |        0.00000000000000000000
 2017 |     2 | PA             |                 24 |                  24 |               27 |                  23 |                    23 |           9602.59 |     1002.11 |                10604.70 |   10604.70 |   441.8625000000000000 | 441.8625000000000000 |      19.2293504166666667 |        0.00000000000000000000
 2017 |     2 | PB             |                 11 |                  11 |               11 |                  11 |                    11 |           1899.83 |      348.48 |                 2248.31 |    2248.31 |   204.3918181818181818 | 204.3918181818181818 |      20.5823231818181818 |        9.09090909090909090900
 2017 |     2 | PE             |                 20 |                  20 |               21 |                  20 |                    19 |           2781.91 |      538.11 |                 3320.02 |    3321.26 |   166.0010000000000000 | 166.0630000000000000 |      18.5991031000000000 |        5.00000000000000000000
 2017 |     2 | PI             |                 10 |                  10 |               11 |                  10 |                     9 |           3016.69 |      488.38 |                 3505.07 |    3505.07 |   350.5070000000000000 | 350.5070000000000000 |      18.7771412000000000 |        0.00000000000000000000
 2017 |     2 | PR             |                110 |                 108 |              127 |                 110 |                    83 |          17955.81 |     2656.89 |                20612.70 |   20618.39 |   187.3881818181818182 | 187.4399090909090909 |      13.8661085818181818 |        3.63636363636363636400
 2017 |     2 | RJ             |                230 |                 229 |              266 |                 214 |                   140 |          29970.40 |     5288.36 |                35258.76 |   35278.77 |   153.2989565217391304 | 153.3859565217391304 |      12.4260049521739130 |        3.91304347826086956500
 2017 |     2 | RN             |                  8 |                   8 |               10 |                  10 |                     7 |            398.90 |      249.71 |                  648.61 |     648.61 |    81.0762500000000000 |  81.0762500000000000 |      17.8036935000000000 |        0.00000000000000000000
 2017 |     2 | RO             |                  9 |                   9 |               12 |                  12 |                    10 |           1446.26 |      391.61 |                 1837.87 |    1837.87 |   204.2077777777777778 | 204.2077777777777778 |      17.7145000000000000 |        0.00000000000000000000
 2017 |     2 | RR             |                  2 |                   2 |                2 |                   2 |                     2 |             50.80 |       57.94 |                  108.74 |     108.74 |    54.3700000000000000 |  54.3700000000000000 |       9.3027835000000000 |        0.00000000000000000000
 2017 |     2 | RS             |                100 |                 100 |              111 |                  99 |                    72 |          15003.74 |     2387.71 |                17391.45 |   17391.45 |   173.9145000000000000 | 173.9145000000000000 |      14.7040462100000000 |        3.00000000000000000000
 2017 |     2 | SC             |                 57 |                  56 |               62 |                  58 |                    52 |           5977.85 |     1127.83 |                 7105.68 |    7112.48 |   124.6610526315789474 | 124.7803508771929825 |      15.7629310877192982 |        5.26315789473684210500
 2017 |     2 | SE             |                 12 |                  12 |               15 |                  12 |                    12 |           1861.82 |      543.16 |                 2404.98 |    2404.98 |   200.4150000000000000 | 200.4150000000000000 |      18.7161611666666667 |        0.00000000000000000000
 2017 |     2 | SP             |                601 |                 593 |              667 |                 528 |                   250 |          73928.94 |    10507.35 |                84436.29 |   84444.00 |   140.4929950083194676 | 140.5058236272878536 |       9.8404452811980033 |        3.16139767054908485900
 2017 |     2 | TO             |                  7 |                   7 |                7 |                   7 |                     7 |            765.60 |      173.95 |                  939.55 |     939.55 |   134.2214285714285714 | 134.2214285714285714 |      16.0869311428571429 |        0.00000000000000000000
 2017 |     3 | AC             |                  2 |                   2 |                2 |                   2 |                     2 |            455.99 |       74.19 |                  530.18 |     530.18 |   265.0900000000000000 | 265.0900000000000000 |      20.1669270000000000 |        0.00000000000000000000
 2017 |     3 | AL             |                 10 |                  10 |               10 |                  10 |                    10 |           1174.79 |      246.71 |                 1421.50 |    1421.50 |   142.1500000000000000 | 142.1500000000000000 |      23.5065162000000000 |       20.00000000000000000000
 2017 |     3 | AM             |                  5 |                   5 |                6 |                   6 |                     5 |            631.39 |      162.00 |                  793.39 |     793.39 |   158.6780000000000000 | 158.6780000000000000 |      29.4949328000000000 |       20.00000000000000000000
 2017 |     3 | AP             |                  3 |                   3 |                4 |                   4 |                     3 |            303.79 |      109.10 |                  412.89 |     412.89 |   137.6300000000000000 | 137.6300000000000000 |      78.8453433333333333 |       66.66666666666666666700
 2017 |     3 | BA             |                 87 |                  86 |              103 |                  89 |                    68 |          15468.32 |     2845.93 |                18314.25 |   18314.25 |   210.5086206896551724 | 210.5086206896551724 |      20.4062487356321839 |       10.34482758620689655200
 2017 |     3 | CE             |                 26 |                  26 |               27 |                  27 |                    20 |           5969.98 |     1188.86 |                 7158.84 |    7158.84 |   275.3400000000000000 | 275.3400000000000000 |      28.9875290000000000 |       30.76923076923076923100
 2017 |     3 | DF             |                 54 |                  51 |               61 |                  56 |                    47 |           6803.97 |     1153.32 |                 7957.29 |    7957.29 |   147.3572222222222222 | 147.3572222222222222 |      11.9168960740740741 |        0.00000000000000000000
 2017 |     3 | ES             |                 47 |                  46 |               51 |                  46 |                    39 |           4932.91 |      997.90 |                 5930.81 |    5934.77 |   126.1874468085106383 | 126.2717021276595745 |       9.6302016595744681 |        0.00000000000000000000
 2017 |     3 | GO             |                 47 |                  47 |               52 |                  47 |                    44 |           8494.46 |     1204.57 |                 9699.03 |    9699.03 |   206.3623404255319149 | 206.3623404255319149 |      14.3511184893617021 |        0.00000000000000000000
 2017 |     3 | MA             |                 22 |                  22 |               27 |                  25 |                    16 |           1950.80 |      771.35 |                 2722.15 |    2722.14 |   123.7340909090909091 | 123.7336363636363636 |      24.1240825909090909 |       22.72727272727272727300
 2017 |     3 | MG             |                343 |                 338 |              402 |                 310 |                   183 |          40847.08 |     7646.78 |                48493.86 |   48493.85 |   141.3815160349854227 | 141.3814868804664723 |      11.6657268279883382 |        3.20699708454810495600
 2017 |     3 | MS             |                 19 |                  19 |               22 |                  19 |                    18 |           6452.55 |      540.35 |                 6992.90 |    6992.90 |   368.0473684210526316 | 368.0473684210526316 |      12.4951266842105263 |        0.00000000000000000000
 2017 |     3 | MT             |                 16 |                  16 |               22 |                  16 |                    15 |           2157.09 |      545.46 |                 2702.55 |    2702.55 |   168.9093750000000000 | 168.9093750000000000 |      28.9671311250000000 |       37.50000000000000000000
 2017 |     3 | PA             |                 35 |                  35 |               41 |                  36 |                    31 |           7647.77 |     1424.97 |                 9072.74 |    9072.74 |   259.2211428571428571 | 259.2211428571428571 |      25.4906120571428571 |        8.57142857142857142900
 2017 |     3 | PB             |                 16 |                  15 |               18 |                  17 |                    14 |           4387.99 |      548.42 |                 4936.41 |    4936.41 |   308.5256250000000000 | 308.5256250000000000 |      17.5207133125000000 |        6.25000000000000000000
 2017 |     3 | PE             |                 36 |                  36 |               40 |                  36 |                    34 |           5182.65 |     1336.73 |                 6519.38 |    6519.38 |   181.0938888888888889 | 181.0938888888888889 |      17.2178240277777778 |        2.77777777777777777800
 2017 |     3 | PI             |                 13 |                  13 |               16 |                  14 |                    12 |           2106.50 |      530.25 |                 2636.75 |    2636.76 |   202.8269230769230769 | 202.8276923076923077 |      46.8970690769230769 |       23.07692307692307692300
 2017 |     3 | PR             |                121 |                 121 |              136 |                 123 |                    95 |          14638.90 |     2337.30 |                16976.20 |   16976.20 |   140.2991735537190083 | 140.2991735537190083 |      11.5927997933884298 |        4.13223140495867768600
 2017 |     3 | RJ             |                370 |                 365 |              418 |                 326 |                   182 |          53373.91 |     7935.60 |                61309.51 |   61335.80 |   165.7013783783783784 | 165.7724324324324324 |      10.6891153621621622 |        5.13513513513513513500
 2017 |     3 | RN             |                 13 |                  13 |               13 |                  13 |                    13 |           1741.72 |      362.88 |                 2104.60 |    2104.60 |   161.8923076923076923 | 161.8923076923076923 |      31.7727110769230769 |       23.07692307692307692300
 2017 |     3 | RO             |                 16 |                  15 |               22 |                  17 |                    15 |           1864.86 |      658.82 |                 2523.68 |    2523.68 |   157.7300000000000000 | 157.7300000000000000 |      21.5793221875000000 |       12.50000000000000000000
 2017 |     3 | RR             |                  2 |                   2 |                2 |                   2 |                     2 |            270.99 |       59.82 |                  330.81 |     330.81 |   165.4050000000000000 | 165.4050000000000000 |     102.5084660000000000 |       50.00000000000000000000
 2017 |     3 | RS             |                144 |                 141 |              157 |                 131 |                    90 |          19527.64 |     3416.39 |                22944.03 |   22944.03 |   159.3335416666666667 | 159.3335416666666667 |      14.2675165902777778 |        2.77777777777777777800
 2017 |     3 | SC             |                104 |                 104 |              117 |                  99 |                    75 |          18004.51 |     2261.18 |                20265.69 |   20265.69 |   194.8624038461538462 | 194.8624038461538462 |      17.4680826923076923 |       21.15384615384615384600
 2017 |     3 | SE             |                 22 |                  21 |               27 |                  23 |                    19 |           2438.70 |      682.81 |                 3121.51 |    3121.51 |   141.8868181818181818 | 141.8868181818181818 |      37.0782318181818182 |       13.63636363636363636400
 2017 |     3 | SP             |                966 |                 950 |             1093 |                 791 |                   319 |         131720.93 |    15936.86 |               147657.79 |  147665.99 |   152.8548550724637681 | 152.8633436853002070 |       9.5788248022774327 |        3.20910973084886128400
 2017 |     3 | TO             |                  7 |                   6 |                8 |                   6 |                     6 |            648.66 |      153.55 |                  802.21 |     802.21 |   114.6014285714285714 | 114.6014285714285714 |      16.9412152857142857 |        0.00000000000000000000
 2017 |     4 | AC             |                  5 |                   5 |                5 |                   5 |                     5 |           1162.38 |      189.13 |                 1351.51 |    1351.51 |   270.3020000000000000 | 270.3020000000000000 |      25.9906156000000000 |        0.00000000000000000000
 2017 |     4 | AL             |                 21 |                  21 |               22 |                  21 |                    20 |           4569.12 |      600.81 |                 5169.93 |    5169.93 |   246.1871428571428571 | 246.1871428571428571 |      30.9420591904761905 |       47.61904761904761904800
 2017 |     4 | AM             |                 13 |                  13 |               13 |                  13 |                    12 |            836.38 |      339.85 |                 1176.23 |    1176.23 |    90.4792307692307692 |  90.4792307692307692 |      20.8247480000000000 |        0.00000000000000000000
 2017 |     4 | BA             |                 84 |                  84 |               95 |                  86 |                    72 |          17863.15 |     2522.25 |                20385.40 |   20394.34 |   242.6833333333333333 | 242.7897619047619048 |      28.5444212976190476 |       17.85714285714285714300
 2017 |     4 | CE             |                 42 |                  42 |               44 |                  41 |                    37 |           5731.83 |     1192.96 |                 6924.79 |    6924.79 |   164.8759523809523810 | 164.8759523809523810 |      28.9225077619047619 |       14.28571428571428571400
 2017 |     4 | DF             |                 34 |                  34 |               40 |                  35 |                    30 |           7497.68 |     1053.00 |                 8550.68 |    8550.68 |   251.4905882352941176 | 251.4905882352941176 |      14.9198086176470588 |        0.00000000000000000000
 2017 |     4 | ES             |                 45 |                  45 |               49 |                  45 |                    40 |           5420.30 |      961.40 |                 6381.70 |    6381.70 |   141.8155555555555556 | 141.8155555555555556 |      13.5058217777777778 |        4.44444444444444444400
 2017 |     4 | GO             |                 38 |                  37 |               45 |                  39 |                    33 |           5321.93 |     1024.54 |                 6346.47 |    6346.47 |   167.0123684210526316 | 167.0123684210526316 |      19.5438715263157895 |        7.89473684210526315800
 2017 |     4 | MA             |                 25 |                  25 |               27 |                  25 |                    22 |           3048.42 |      715.63 |                 3764.05 |    3764.05 |   150.5620000000000000 | 150.5620000000000000 |      21.2080805600000000 |        4.00000000000000000000
 2017 |     4 | MG             |                266 |                 264 |              300 |                 253 |                   172 |          39224.37 |     5682.75 |                44907.12 |   44909.30 |   168.8237593984962406 | 168.8319548872180451 |      11.8233660112781955 |        2.63157894736842105300
 2017 |     4 | MS             |                 15 |                  15 |               17 |                  15 |                    15 |           1904.06 |      304.38 |                 2208.44 |    2208.44 |   147.2293333333333333 | 147.2293333333333333 |      15.3163442000000000 |        6.66666666666666666700
 2017 |     4 | MT             |                 25 |                  24 |               27 |                  25 |                    25 |           3282.05 |      709.51 |                 3991.56 |    3991.56 |   159.6624000000000000 | 159.6624000000000000 |      21.6819050000000000 |        8.00000000000000000000
 2017 |     4 | PA             |                 36 |                  34 |               41 |                  37 |                    31 |           4776.15 |     1332.06 |                 6108.21 |    6108.21 |   169.6725000000000000 | 169.6725000000000000 |      17.8755443333333333 |        0.00000000000000000000
 2017 |     4 | PB             |                 20 |                  20 |               22 |                  20 |                    18 |           2957.37 |      605.31 |                 3562.68 |    3562.68 |   178.1340000000000000 | 178.1340000000000000 |      26.6423675000000000 |       15.00000000000000000000
 2017 |     4 | PE             |                 36 |                  36 |               37 |                  36 |                    33 |           3646.43 |      973.81 |                 4620.24 |    4620.24 |   128.3400000000000000 | 128.3400000000000000 |      22.8229182777777778 |        8.33333333333333333300
 2017 |     4 | PI             |                 11 |                  11 |               11 |                  10 |                    10 |           2138.03 |      310.65 |                 2448.68 |    2463.67 |   222.6072727272727273 | 223.9700000000000000 |      13.2409954545454545 |        0.00000000000000000000
 2017 |     4 | PR             |                112 |                 112 |              124 |                 109 |                    78 |          15553.11 |     2433.83 |                17986.94 |   17986.94 |   160.5976785714285714 | 160.5976785714285714 |      13.5718720803571429 |        3.57142857142857142900
 2017 |     4 | RJ             |                325 |                 319 |              362 |                 301 |                   176 |          56955.59 |     6961.50 |                63917.09 |   63917.07 |   196.6679692307692308 | 196.6679076923076923 |      14.2508626584615385 |        8.00000000000000000000
 2017 |     4 | RN             |                 10 |                  10 |               12 |                  10 |                    10 |           1243.87 |      321.38 |                 1565.25 |    1565.25 |   156.5250000000000000 | 156.5250000000000000 |      19.0852756000000000 |       10.00000000000000000000
 2017 |     4 | RO             |                  7 |                   7 |                7 |                   7 |                     6 |            843.58 |      198.88 |                 1042.46 |    1042.46 |   148.9228571428571429 | 148.9228571428571429 |      20.2336740000000000 |       14.28571428571428571400
 2017 |     4 | RR             |                  2 |                   2 |                2 |                   2 |                     2 |             48.95 |       57.94 |                  106.89 |     106.89 |    53.4450000000000000 |  53.4450000000000000 |      22.1550345000000000 |        0.00000000000000000000
 2017 |     4 | RS             |                132 |                 128 |              143 |                 127 |                    90 |          16561.79 |     2900.86 |                19462.65 |   19471.36 |   147.4443181818181818 | 147.5103030303030303 |      14.3997824393939394 |        3.03030303030303030300
 2017 |     4 | SC             |                100 |                 100 |              117 |                  96 |                    69 |          11199.00 |     2125.19 |                13324.19 |   13336.41 |   133.2419000000000000 | 133.3641000000000000 |      16.3852854800000000 |       13.00000000000000000000
 2017 |     4 | SE             |                 13 |                  13 |               14 |                  13 |                    13 |           2595.17 |      744.90 |                 3340.07 |    3340.07 |   256.9284615384615385 | 256.9284615384615385 |      29.3808842307692308 |       30.76923076923076923100
 2017 |     4 | SP             |                873 |                 860 |              977 |                 728 |                   296 |         123445.71 |    15283.57 |               138729.28 |  138822.04 |   158.9109736540664376 | 159.0172279495990836 |      12.0307250160366552 |        8.36197021764032073300
 2017 |     4 | TO             |                 13 |                  13 |               16 |                  14 |                    12 |           2843.26 |      596.63 |                 3439.89 |    3439.89 |   264.6069230769230769 | 264.6069230769230769 |      22.4776309230769231 |       15.38461538461538461500
 2017 |     5 | AC             |                  8 |                   8 |                8 |                   8 |                     8 |           2094.39 |      277.34 |                 2371.73 |    2382.64 |   296.4662500000000000 | 297.8300000000000000 |      19.9683045000000000 |        0.00000000000000000000
 2017 |     5 | AL             |                 26 |                  24 |               27 |                  25 |                    23 |           4699.25 |      935.17 |                 5634.42 |    5634.42 |   216.7084615384615385 | 216.7084615384615385 |      22.3576139615384615 |        7.69230769230769230800
 2017 |     5 | AM             |                  8 |                   8 |                8 |                   8 |                     8 |           1016.77 |      227.72 |                 1244.49 |    1244.49 |   155.5612500000000000 | 155.5612500000000000 |      32.7624710000000000 |       12.50000000000000000000
 2017 |     5 | AP             |                  4 |                   4 |                4 |                   4 |                     4 |           1220.89 |      166.96 |                 1387.85 |    1387.85 |   346.9625000000000000 | 346.9625000000000000 |      18.5295542500000000 |       25.00000000000000000000
 2017 |     5 | BA             |                119 |                 116 |              144 |                 124 |                    85 |          16031.66 |     3504.44 |                19536.10 |   19536.11 |   164.1689075630252101 | 164.1689915966386555 |      16.8004280672268908 |        5.04201680672268907600
 2017 |     5 | CE             |                 62 |                  62 |               66 |                  64 |                    49 |          10466.27 |     2162.40 |                12628.67 |   12655.48 |   203.6882258064516129 | 204.1206451612903226 |      16.5843410322580645 |        1.61290322580645161300
 2017 |     5 | DF             |                 60 |                  57 |               66 |                  63 |                    47 |           7452.48 |     1234.77 |                 8687.25 |    8687.25 |   144.7875000000000000 | 144.7875000000000000 |      11.6690835166666667 |        1.66666666666666666700
 2017 |     5 | ES             |                 90 |                  89 |              103 |                  89 |                    71 |          12378.53 |     2280.15 |                14658.68 |   14658.68 |   162.8742222222222222 | 162.8742222222222222 |      12.7521657444444444 |        3.33333333333333333300
 2017 |     5 | GO             |                 83 |                  81 |               93 |                  80 |                    64 |          16481.18 |     2364.37 |                18845.55 |   18845.55 |   227.0548192771084337 | 227.0548192771084337 |      15.9726868674698795 |        3.61445783132530120500
 2017 |     5 | MA             |                 31 |                  31 |               32 |                  32 |                    28 |           3274.18 |     1000.47 |                 4274.65 |    4274.65 |   137.8919354838709677 | 137.8919354838709677 |      16.4721524838709677 |        0.00000000000000000000
 2017 |     5 | MG             |                412 |                 406 |              454 |                 370 |                   210 |          48839.67 |     8554.79 |                57394.46 |   57394.46 |   139.3069417475728155 | 139.3069417475728155 |      10.6727308907766990 |        1.69902912621359223300
 2017 |     5 | MS             |                 26 |                  23 |               28 |                  25 |                    22 |           3167.35 |      554.97 |                 3722.32 |    3722.32 |   143.1661538461538462 | 143.1661538461538462 |      12.5764458076923077 |        0.00000000000000000000
 2017 |     5 | MT             |                 37 |                  36 |               40 |                  38 |                    32 |           6731.11 |      949.46 |                 7680.57 |    7680.93 |   207.5829729729729730 | 207.5927027027027027 |      15.0367214324324324 |        2.70270270270270270300
 2017 |     5 | PA             |                 35 |                  34 |               35 |                  35 |                    34 |           5404.14 |     1166.56 |                 6570.70 |    6570.70 |   187.7342857142857143 | 187.7342857142857143 |      19.1222043428571429 |        2.85714285714285714300
 2017 |     5 | PB             |                 17 |                  17 |               19 |                  16 |                    14 |           2809.22 |      563.27 |                 3372.49 |    3372.49 |   198.3817647058823529 | 198.3817647058823529 |      16.9396357647058824 |        5.88235294117647058800
 2017 |     5 | PE             |                 63 |                  60 |               70 |                  61 |                    52 |          10018.82 |     2411.91 |                12430.73 |   12430.73 |   197.3131746031746032 | 197.3131746031746032 |      15.1587657936507937 |        1.58730158730158730200
 2017 |     5 | PI             |                 23 |                  23 |               27 |                  24 |                    22 |           5796.52 |      880.33 |                 6676.85 |    6689.62 |   290.2978260869565217 | 290.8530434782608696 |      14.2685738695652174 |        0.00000000000000000000
 2017 |     5 | PR             |                206 |                 202 |              242 |                 205 |                   147 |          31135.10 |     4423.90 |                35559.00 |   35559.01 |   172.6165048543689320 | 172.6165533980582524 |      10.2761193446601942 |        1.45631067961165048500
 2017 |     5 | RJ             |                466 |                 459 |              542 |                 426 |                   240 |          70967.17 |    10315.48 |                81282.65 |   81329.93 |   174.4262875536480687 | 174.5277467811158798 |      11.1339849506437768 |        3.43347639484978540800
 2017 |     5 | RN             |                 17 |                  17 |               20 |                  18 |                    17 |           4683.56 |      899.31 |                 5582.87 |    5582.87 |   328.4041176470588235 | 328.4041176470588235 |      15.7933661176470588 |        0.00000000000000000000
 2017 |     5 | RO             |                  8 |                   8 |                8 |                   8 |                     8 |            551.46 |      277.42 |                  828.88 |     828.88 |   103.6100000000000000 | 103.6100000000000000 |      16.9181668750000000 |        0.00000000000000000000
 2017 |     5 | RR             |                  2 |                   2 |                3 |                   2 |                     2 |            233.11 |       84.86 |                  317.97 |     317.97 |   158.9850000000000000 | 158.9850000000000000 |      28.3449885000000000 |        0.00000000000000000000
 2017 |     5 | RS             |                206 |                 202 |              233 |                 196 |                   129 |          28407.76 |     4609.80 |                33017.56 |   33051.27 |   160.2794174757281553 | 160.4430582524271845 |      11.5234169609756098 |        0.97087378640776699000
 2017 |     5 | SC             |                146 |                 145 |              166 |                 143 |                   107 |          21182.79 |     3310.50 |                24493.29 |   24501.51 |   167.7622602739726027 | 167.8185616438356164 |      14.3460564452054795 |        5.47945205479452054800
 2017 |     5 | SE             |                 11 |                  11 |               12 |                  11 |                    10 |            681.09 |      378.44 |                 1059.53 |    1059.53 |    96.3209090909090909 |  96.3209090909090909 |      19.8475715454545455 |        0.00000000000000000000
 2017 |     5 | SP             |               1363 |                1338 |             1535 |                1053 |                   370 |         171540.35 |    23449.88 |               194990.23 |  195065.48 |   143.0595964783565664 | 143.1148055759354365 |       8.9270304145267792 |        5.13573000733675715300
 2017 |     5 | TO             |                 17 |                  17 |               19 |                  17 |                    16 |           2073.43 |      528.48 |                 2601.91 |    2601.91 |   153.0535294117647059 | 153.0535294117647059 |      12.9030745882352941 |        0.00000000000000000000
 2017 |     6 | AC             |                  4 |                   4 |                4 |                   4 |                     4 |            385.78 |      124.49 |                  510.27 |     510.27 |   127.5675000000000000 | 127.5675000000000000 |      18.6913775000000000 |        0.00000000000000000000
 2017 |     6 | AL             |                 10 |                  10 |               10 |                  10 |                     9 |            951.65 |      317.32 |                 1268.97 |    1276.02 |   126.8970000000000000 | 127.6020000000000000 |      26.1725659000000000 |       40.00000000000000000000
 2017 |     6 | AM             |                  1 |                   1 |                1 |                   1 |                     1 |            169.99 |       34.85 |                  204.84 |     204.84 |   204.8400000000000000 | 204.8400000000000000 |       5.5345250000000000 |        0.00000000000000000000
 2017 |     6 | AP             |                  2 |                   2 |                3 |                   3 |                     2 |            252.70 |      117.04 |                  369.74 |     369.74 |   184.8700000000000000 | 184.8700000000000000 |      25.5507870000000000 |        0.00000000000000000000
 2017 |     6 | BA             |                103 |                 100 |              122 |                  98 |                    69 |          20109.67 |     2763.25 |                22872.92 |   22872.92 |   222.0671844660194175 | 222.0671844660194175 |      18.3493454757281553 |        8.73786407766990291300
 2017 |     6 | CE             |                 44 |                  43 |               45 |                  44 |                    38 |           9560.20 |     1323.88 |                10884.08 |   10884.08 |   247.3654545454545455 | 247.3654545454545455 |      16.5973657272727273 |        0.00000000000000000000
 2017 |     6 | DF             |                 69 |                  68 |               83 |                  68 |                    59 |           8205.86 |     1494.49 |                 9700.35 |    9700.35 |   140.5847826086956522 | 140.5847826086956522 |      13.8487157971014493 |        2.89855072463768115900
 2017 |     6 | ES             |                 79 |                  79 |               90 |                  80 |                    64 |          10345.83 |     1997.46 |                12343.29 |   12343.29 |   156.2441772151898734 | 156.2441772151898734 |      16.1164105822784810 |        6.32911392405063291100
 2017 |     6 | GO             |                 73 |                  72 |               79 |                  72 |                    57 |           8797.84 |     1787.38 |                10585.22 |   10585.22 |   145.0030136986301370 | 145.0030136986301370 |      15.6193704109589041 |        4.10958904109589041100
 2017 |     6 | MA             |                 15 |                  15 |               15 |                  15 |                    14 |           1687.50 |      536.56 |                 2224.06 |    2224.06 |   148.2706666666666667 | 148.2706666666666667 |      16.4529999333333333 |        0.00000000000000000000
 2017 |     6 | MG             |                356 |                 348 |              395 |                 307 |                   182 |          46275.24 |     8074.01 |                54349.25 |   54352.77 |   152.6664325842696629 | 152.6763202247191011 |      12.0736071938202247 |        1.68539325842696629200
 2017 |     6 | MS             |                 27 |                  26 |               31 |                  27 |                    27 |           3807.42 |      635.24 |                 4442.66 |    4442.66 |   164.5429629629629630 | 164.5429629629629630 |      14.5342147037037037 |        0.00000000000000000000
 2017 |     6 | MT             |                 24 |                  24 |               24 |                  24 |                    23 |           4261.63 |      560.28 |                 4821.91 |    4843.95 |   200.9129166666666667 | 201.8312500000000000 |      16.7643200000000000 |        4.16666666666666666700
 2017 |     6 | PA             |                 36 |                  34 |               36 |                  36 |                    30 |           5496.48 |     1113.87 |                 6610.35 |    6610.35 |   183.6208333333333333 | 183.6208333333333333 |      19.5129009166666667 |        8.33333333333333333300
 2017 |     6 | PB             |                 22 |                  22 |               24 |                  23 |                    21 |           5731.92 |     1181.07 |                 6912.99 |    6912.99 |   314.2268181818181818 | 314.2268181818181818 |      20.0934638636363636 |        9.09090909090909090900
 2017 |     6 | PE             |                 41 |                  40 |               42 |                  42 |                    34 |           5489.06 |     1618.96 |                 7108.02 |    7108.02 |   173.3663414634146341 | 173.3663414634146341 |      19.2660151951219512 |        7.31707317073170731700
 2017 |     6 | PI             |                 14 |                  14 |               14 |                  14 |                    14 |           2147.47 |      479.49 |                 2626.96 |    2626.96 |   187.6400000000000000 | 187.6400000000000000 |      13.5272990714285714 |        0.00000000000000000000
 2017 |     6 | PR             |                167 |                 164 |              182 |                 158 |                   107 |          21153.29 |     4358.33 |                25511.62 |   25525.02 |   152.7641916167664671 | 152.8444311377245509 |      11.2996844131736527 |        1.19760479041916167700
 2017 |     6 | RJ             |                399 |                 393 |              434 |                 361 |                   209 |          53295.95 |     8571.23 |                61867.18 |   61889.15 |   155.0555889724310777 | 155.1106516290726817 |      12.5389037192982456 |        3.75939849624060150400
 2017 |     6 | RN             |                 12 |                  12 |               12 |                  12 |                    10 |           1241.36 |      351.70 |                 1593.06 |    1593.06 |   132.7550000000000000 | 132.7550000000000000 |      20.2286475833333333 |        8.33333333333333333300
 2017 |     6 | RO             |                 10 |                  10 |               13 |                  13 |                    11 |           1800.92 |      510.14 |                 2311.06 |    2311.06 |   231.1060000000000000 | 231.1060000000000000 |      17.9995531000000000 |        0.00000000000000000000
 2017 |     6 | RR             |                  3 |                   3 |                3 |                   3 |                     3 |             93.40 |       81.78 |                  175.18 |     175.18 |    58.3933333333333333 |  58.3933333333333333 |      19.7539506666666667 |        0.00000000000000000000
 2017 |     6 | RS             |                215 |                 210 |              253 |                 207 |                   126 |          23519.82 |     4747.81 |                28267.63 |   28272.14 |   131.4773488372093023 | 131.4983255813953488 |      12.4147339302325581 |        2.32558139534883720900
 2017 |     6 | SC             |                109 |                 107 |              124 |                 106 |                    83 |          12874.44 |     2648.11 |                15522.55 |   15522.55 |   142.4087155963302752 | 142.4087155963302752 |      14.4354407706422018 |        4.58715596330275229400
 2017 |     6 | SE             |                  8 |                   8 |                9 |                   9 |                     9 |           1308.01 |      311.22 |                 1619.23 |    1619.23 |   202.4037500000000000 | 202.4037500000000000 |      20.2151865000000000 |        0.00000000000000000000
 2017 |     6 | SP             |               1284 |                1260 |             1432 |                 996 |                   370 |         168994.76 |    21911.10 |               190905.86 |  191008.60 |   148.6805763239875389 | 148.7605919003115265 |       9.2786886775700935 |        4.28348909657320872300
 2017 |     6 | TO             |                  8 |                   8 |                9 |                   8 |                     8 |           3965.18 |      475.94 |                 4441.12 |    4441.12 |   555.1400000000000000 | 555.1400000000000000 |      15.0098683750000000 |        0.00000000000000000000
 2017 |     7 | AC             |                  5 |                   5 |                5 |                   5 |                     5 |            618.69 |      175.71 |                  794.40 |     794.40 |   158.8800000000000000 | 158.8800000000000000 |      18.2629724000000000 |        0.00000000000000000000
 2017 |     7 | AL             |                 15 |                  14 |               17 |                  17 |                    14 |           2238.94 |      600.63 |                 2839.57 |    2855.81 |   189.3046666666666667 | 190.3873333333333333 |      31.2056960000000000 |       46.66666666666666666700
 2017 |     7 | AM             |                  5 |                   5 |                7 |                   5 |                     5 |            705.60 |      245.80 |                  951.40 |     951.40 |   190.2800000000000000 | 190.2800000000000000 |      18.7187198000000000 |        0.00000000000000000000
 2017 |     7 | AP             |                  1 |                   1 |                1 |                   1 |                     1 |            259.90 |       32.49 |                  292.39 |     292.39 |   292.3900000000000000 | 292.3900000000000000 |      16.8329050000000000 |        0.00000000000000000000
 2017 |     7 | BA             |                144 |                 144 |              154 |                 140 |                    91 |          18469.74 |     3650.13 |                22119.87 |   22119.87 |   153.6102083333333333 | 153.6102083333333333 |      18.0986963680555556 |        5.55555555555555555600
 2017 |     7 | CE             |                 53 |                  52 |               60 |                  53 |                    39 |           7759.52 |     2073.69 |                 9833.21 |    9833.21 |   185.5322641509433962 | 185.5322641509433962 |      16.8391160754716981 |        0.00000000000000000000
 2017 |     7 | DF             |                 75 |                  75 |               97 |                  83 |                    62 |          10828.02 |     2009.67 |                12837.69 |   12837.69 |   171.1692000000000000 | 171.1692000000000000 |      12.6888740266666667 |        0.00000000000000000000
 2017 |     7 | ES             |                 81 |                  81 |               94 |                  84 |                    61 |           7157.20 |     1721.97 |                 8879.17 |    8879.17 |   109.6193827160493827 | 109.6193827160493827 |      14.7938154197530864 |        6.17283950617283950600
 2017 |     7 | GO             |                 77 |                  77 |               83 |                  76 |                    61 |           8923.19 |     1653.78 |                10576.97 |   10576.97 |   137.3632467532467532 | 137.3632467532467532 |      14.5246659870129870 |        5.19480519480519480500
 2017 |     7 | MA             |                 37 |                  37 |               39 |                  36 |                    33 |           6220.44 |     1379.46 |                 7599.90 |    7599.90 |   205.4027027027027027 | 205.4027027027027027 |      20.7087099459459459 |        2.70270270270270270300
 2017 |     7 | MG             |                435 |                 429 |              481 |                 386 |                   214 |          53758.88 |     9723.58 |                63482.46 |   63485.56 |   145.9366896551724138 | 145.9438160919540230 |      11.2236563701149425 |        1.37931034482758620700
 2017 |     7 | MS             |                 24 |                  22 |               28 |                  26 |                    24 |           3582.95 |      537.84 |                 4120.79 |    4120.79 |   171.6995833333333333 | 171.6995833333333333 |      13.8019777083333333 |        0.00000000000000000000
 2017 |     7 | MT             |                 37 |                  37 |               41 |                  38 |                    28 |          10258.78 |     1043.33 |                11302.11 |   11302.11 |   305.4624324324324324 | 305.4624324324324324 |      15.5935560540540541 |        0.00000000000000000000
 2017 |     7 | PA             |                 36 |                  35 |               42 |                  35 |                    32 |           4474.02 |     1226.96 |                 5700.98 |    5700.98 |   158.3605555555555556 | 158.3605555555555556 |      19.0193001111111111 |        8.33333333333333333300
 2017 |     7 | PB             |                 26 |                  26 |               33 |                  26 |                    24 |           4241.06 |     1285.97 |                 5527.03 |    5527.03 |   212.5780769230769231 | 212.5780769230769231 |      26.7542401538461538 |       26.92307692307692307700
 2017 |     7 | PE             |                 70 |                  69 |               81 |                  69 |                    56 |           9198.42 |     2324.97 |                11523.39 |   11523.39 |   164.6198571428571429 | 164.6198571428571429 |      23.6554654428571429 |       18.57142857142857142900
 2017 |     7 | PI             |                 20 |                  20 |               21 |                  20 |                    18 |           2202.01 |      736.76 |                 2938.77 |    2938.77 |   146.9385000000000000 | 146.9385000000000000 |      14.9472530000000000 |        5.00000000000000000000
 2017 |     7 | PR             |                195 |                 191 |              225 |                 193 |                   129 |          24331.10 |     4522.57 |                28853.67 |   28860.71 |   147.9675384615384615 | 148.0036410256410256 |      10.8028231025641026 |        1.02564102564102564100
 2017 |     7 | RJ             |                547 |                 536 |              622 |                 486 |                   257 |          74961.75 |    12573.96 |                87535.71 |   87584.17 |   160.0287202925045704 | 160.1173126142595978 |      12.3948604460694698 |        3.65630712979890310800
 2017 |     7 | RN             |                 27 |                  27 |               29 |                  28 |                    25 |           3193.99 |      984.26 |                 4178.25 |    4178.25 |   154.7500000000000000 | 154.7500000000000000 |      23.9890042962962963 |       14.81481481481481481500
 2017 |     7 | RO             |                 10 |                  10 |               10 |                  10 |                     9 |           1083.72 |      344.92 |                 1428.64 |    1428.64 |   142.8640000000000000 | 142.8640000000000000 |      18.4940371000000000 |        0.00000000000000000000
 2017 |     7 | RR             |                  1 |                   1 |                1 |                   1 |                     1 |            179.90 |       45.11 |                  225.01 |     225.01 |   225.0100000000000000 | 225.0100000000000000 |       8.5183450000000000 |        0.00000000000000000000
 2017 |     7 | RS             |                242 |                 238 |              272 |                 230 |                   156 |          28823.99 |     5766.92 |                34590.91 |   34590.89 |   142.9376446280991736 | 142.9375619834710744 |      13.3908044586776860 |        2.47933884297520661200
 2017 |     7 | SC             |                152 |                 147 |              178 |                 149 |                    98 |          18517.48 |     3293.04 |                21810.52 |   21810.53 |   143.4902631578947368 | 143.4903289473684211 |      13.0958385263157895 |        5.26315789473684210500
 2017 |     7 | SE             |                 13 |                  13 |               13 |                  13 |                    13 |           1372.09 |      401.10 |                 1773.19 |    1773.19 |   136.3992307692307692 | 136.3992307692307692 |      19.0844169230769231 |        0.00000000000000000000
 2017 |     7 | SP             |               1543 |                1509 |             1781 |                1183 |                   401 |         178145.64 |    26310.86 |               204456.50 |  204486.52 |   132.5058327932598833 | 132.5252883992222942 |       7.9930614562540506 |        2.46273493195074530100
 2017 |     7 | TO             |                  1 |                   1 |                1 |                   1 |                     1 |             97.50 |       29.08 |                  126.58 |     126.58 |   126.5800000000000000 | 126.5800000000000000 |      18.0948150000000000 |        0.00000000000000000000
 2017 |     8 | AC             |                  4 |                   4 |                4 |                   4 |                     4 |            637.93 |      127.90 |                  765.83 |     765.83 |   191.4575000000000000 | 191.4575000000000000 |      18.0700725000000000 |        0.00000000000000000000
 2017 |     8 | AL             |                 17 |                  17 |               18 |                  16 |                    14 |           8889.27 |      669.05 |                 9558.32 |    9558.32 |   562.2541176470588235 | 562.2541176470588235 |      25.0541012352941176 |       23.52941176470588235300
 2017 |     8 | AM             |                  5 |                   5 |                6 |                   6 |                     5 |           1276.60 |      206.81 |                 1483.41 |    1483.41 |   296.6820000000000000 | 296.6820000000000000 |      23.6653658000000000 |        0.00000000000000000000
 2017 |     8 | AP             |                  3 |                   3 |                4 |                   3 |                     3 |            289.79 |       94.99 |                  384.78 |     384.78 |   128.2600000000000000 | 128.2600000000000000 |      22.3483373333333333 |        0.00000000000000000000
 2017 |     8 | BA             |                152 |                 148 |              172 |                 151 |                   121 |          25134.47 |     4223.94 |                29358.41 |   29358.41 |   193.1474342105263158 | 193.1474342105263158 |      15.3438235592105263 |        3.28947368421052631600
 2017 |     8 | CE             |                 73 |                  72 |               82 |                  73 |                    59 |          10642.66 |     2315.01 |                12957.67 |   12957.67 |   177.5023287671232877 | 177.5023287671232877 |      16.1035890684931507 |        2.73972602739726027400
 2017 |     8 | DF             |                 83 |                  82 |               96 |                  88 |                    69 |           9626.91 |     1770.02 |                11396.93 |   11396.93 |   137.3124096385542169 | 137.3124096385542169 |      11.8107066385542169 |        1.20481927710843373500
 2017 |     8 | ES             |                 94 |                  92 |              105 |                  96 |                    72 |          13141.85 |     2202.70 |                15344.55 |   15348.58 |   163.2398936170212766 | 163.2827659574468085 |      13.5740959148936170 |        4.25531914893617021300
 2017 |     8 | GO             |                 89 |                  84 |              121 |                  87 |                    67 |          13138.93 |     2458.44 |                15597.37 |   15610.94 |   175.2513483146067416 | 175.4038202247191011 |      13.5068577191011236 |        2.24719101123595505600
 2017 |     8 | MA             |                 38 |                  37 |               42 |                  37 |                    31 |           5999.23 |     1626.71 |                 7625.94 |    7625.94 |   200.6826315789473684 | 200.6826315789473684 |      19.1728853684210526 |        5.26315789473684210500
 2017 |     8 | MG             |                459 |                 454 |              529 |                 408 |                   245 |          58708.91 |    10285.62 |                68994.53 |   69008.85 |   150.3148801742919390 | 150.3460784313725490 |      11.0063658976034858 |        2.39651416122004357300
 2017 |     8 | MS             |                 24 |                  23 |               27 |                  24 |                    21 |           3841.62 |      627.02 |                 4468.64 |    4468.64 |   186.1933333333333333 | 186.1933333333333333 |      13.4037027916666667 |        0.00000000000000000000
 2017 |     8 | MT             |                 38 |                  37 |               46 |                  39 |                    34 |           6709.45 |     1122.44 |                 7831.89 |    7831.89 |   206.1023684210526316 | 206.1023684210526316 |      15.5653390789473684 |        0.00000000000000000000
 2017 |     8 | PA             |                 57 |                  57 |               64 |                  61 |                    48 |          14754.40 |     2364.70 |                17119.10 |   17119.10 |   300.3350877192982456 | 300.3350877192982456 |      17.3343381052631579 |        0.00000000000000000000
 2017 |     8 | PB             |                 16 |                  15 |               21 |                  17 |                    16 |           2324.77 |      728.34 |                 3053.11 |    3053.11 |   190.8193750000000000 | 190.8193750000000000 |      18.9503566875000000 |        6.25000000000000000000
 2017 |     8 | PE             |                 83 |                  82 |               90 |                  83 |                    67 |          12844.55 |     2605.35 |                15449.90 |   15449.90 |   186.1433734939759036 | 186.1433734939759036 |      21.7014447228915663 |       16.86746987951807228900
 2017 |     8 | PI             |                 20 |                  20 |               23 |                  20 |                    20 |           4367.50 |      923.21 |                 5290.71 |    5290.71 |   264.5355000000000000 | 264.5355000000000000 |      17.1010549500000000 |        5.00000000000000000000
 2017 |     8 | PR             |                220 |                 216 |              250 |                 212 |                   136 |          28439.97 |     4871.73 |                33311.70 |   33311.70 |   151.4168181818181818 | 151.4168181818181818 |       9.8670282409090909 |        0.00000000000000000000
 2017 |     8 | RJ             |                537 |                 529 |              612 |                 473 |                   262 |          76334.29 |    11944.99 |                88279.28 |   88279.27 |   164.3934450651769088 | 164.3934264432029795 |      12.4364415828677840 |        3.35195530726256983200
 2017 |     8 | RN             |                 20 |                  20 |               22 |                  21 |                    20 |           2545.41 |      727.94 |                 3273.35 |    3273.35 |   163.6675000000000000 | 163.6675000000000000 |      19.5871106500000000 |       10.00000000000000000000
 2017 |     8 | RO             |                 14 |                  14 |               17 |                  14 |                    14 |           2236.88 |      579.09 |                 2815.97 |    2815.97 |   201.1407142857142857 | 201.1407142857142857 |      17.6330209285714286 |        0.00000000000000000000
 2017 |     8 | RS             |                296 |                 290 |              321 |                 266 |                   156 |          33491.24 |     6409.15 |                39900.39 |   40034.83 |   134.7986148648648649 | 135.2528040540540541 |      15.2062560844594595 |        8.10810810810810810800
 2017 |     8 | SC             |                152 |                 148 |              173 |                 152 |                   111 |          21798.22 |     3707.45 |                25505.67 |   25505.67 |   167.8004605263157895 | 167.8004605263157895 |      13.1735626315789474 |        3.94736842105263157900
 2017 |     8 | SE             |                 19 |                  19 |               21 |                  19 |                    17 |           3521.69 |      807.35 |                 4329.04 |    4329.04 |   227.8442105263157895 | 227.8442105263157895 |      17.6599056842105263 |       10.52631578947368421100
 2017 |     8 | SP             |               1665 |                1631 |             1916 |                1316 |                   459 |         191870.59 |    27346.76 |               219217.35 |  219219.25 |   131.6620720720720721 | 131.6632132132132132 |       7.4608543069069069 |        2.40240240240240240200
 2017 |     8 | TO             |                 15 |                  15 |               15 |                  14 |                    12 |           2132.57 |      385.95 |                 2518.52 |    2518.52 |   167.9013333333333333 | 167.9013333333333333 |      14.1969058666666667 |        0.00000000000000000000
 2017 |     9 | AC             |                  5 |                   5 |                5 |                   5 |                     5 |           1786.89 |      242.34 |                 2029.23 |    2029.23 |   405.8460000000000000 | 405.8460000000000000 |      26.6977548000000000 |       20.00000000000000000000
 2017 |     9 | AL             |                 19 |                  19 |               19 |                  19 |                    19 |           4305.39 |      788.39 |                 5093.78 |    5093.78 |   268.0936842105263158 | 268.0936842105263158 |      31.3568421578947368 |       42.10526315789473684200
 2017 |     9 | AM             |                  9 |                   9 |               10 |                   9 |                     9 |           1163.28 |      355.16 |                 1518.44 |    1518.44 |   168.7155555555555556 | 168.7155555555555556 |      24.2566821111111111 |        0.00000000000000000000
 2017 |     9 | AP             |                  2 |                   2 |                4 |                   2 |                     2 |            364.60 |      134.62 |                  499.22 |     499.22 |   249.6100000000000000 | 249.6100000000000000 |      19.6222740000000000 |        0.00000000000000000000
 2017 |     9 | BA             |                167 |                 164 |              188 |                 165 |                   113 |          23658.90 |     4322.42 |                27981.32 |   27981.91 |   167.5528143712574850 | 167.5563473053892216 |      19.1137148143712575 |       19.16167664670658682600
 2017 |     9 | CE             |                 74 |                  73 |               91 |                  72 |                    60 |          16652.93 |     2634.07 |                19287.00 |   19287.00 |   260.6351351351351351 | 260.6351351351351351 |      15.3293394729729730 |        2.70270270270270270300
 2017 |     9 | DF             |                 94 |                  93 |              111 |                  94 |                    77 |          13200.00 |     2162.93 |                15362.93 |   15362.93 |   163.4354255319148936 | 163.4354255319148936 |      12.8871281702127660 |       10.63829787234042553200
 2017 |     9 | ES             |                 93 |                  88 |              106 |                  91 |                    70 |          11235.95 |     2078.24 |                13314.19 |   13314.18 |   143.1633333333333333 | 143.1632258064516129 |      12.7964934408602151 |        4.30107526881720430100
 2017 |     9 | GO             |                 84 |                  82 |              100 |                  92 |                    70 |          13183.74 |     2304.58 |                15488.32 |   15488.31 |   184.3847619047619048 | 184.3846428571428571 |      13.7759913333333333 |        4.76190476190476190500
 2017 |     9 | MA             |                 41 |                  39 |               45 |                  42 |                    32 |           9440.35 |     1783.34 |                11223.69 |   11223.69 |   273.7485365853658537 | 273.7485365853658537 |      17.6585224878048780 |        9.75609756097560975600
 2017 |     9 | MG             |                493 |                 485 |              560 |                 442 |                   256 |          71516.26 |    11327.23 |                82843.49 |   82843.48 |   168.0395334685598377 | 168.0395131845841785 |      10.1946685131845842 |        1.01419878296146044600
 2017 |     9 | MS             |                 32 |                  31 |               33 |                  33 |                    31 |           4902.71 |      666.77 |                 5569.48 |    5569.48 |   174.0462500000000000 | 174.0462500000000000 |      11.9192903437500000 |        0.00000000000000000000
 2017 |     9 | MT             |                 34 |                  33 |               44 |                  36 |                    32 |           6861.01 |     1306.21 |                 8167.22 |    8167.22 |   240.2123529411764706 | 240.2123529411764706 |      16.0820745588235294 |        5.88235294117647058800
 2017 |     9 | PA             |                 41 |                  41 |               46 |                  43 |                    36 |           6218.39 |     1513.35 |                 7731.74 |    7731.74 |   188.5790243902439024 | 188.5790243902439024 |      24.2057542439024390 |       14.63414634146341463400
 2017 |     9 | PB             |                 25 |                  25 |               31 |                  26 |                    24 |           4989.39 |     1294.88 |                 6284.27 |    6284.27 |   251.3708000000000000 | 251.3708000000000000 |      26.5280602800000000 |       28.00000000000000000000
 2017 |     9 | PE             |                 74 |                  72 |               86 |                  72 |                    53 |          13009.62 |     2519.98 |                15529.60 |   15529.60 |   209.8594594594594595 | 209.8594594594594595 |      16.4824661891891892 |        8.10810810810810810800
 2017 |     9 | PI             |                 22 |                  22 |               23 |                  22 |                    19 |           2848.23 |      725.94 |                 3574.17 |    3574.17 |   162.4622727272727273 | 162.4622727272727273 |      16.6369401363636364 |        4.54545454545454545500
 2017 |     9 | PR             |                176 |                 172 |              204 |                 170 |                   114 |          20882.61 |     3884.29 |                24766.90 |   24802.03 |   140.7210227272727273 | 140.9206250000000000 |      11.6087370284090909 |        0.56818181818181818200
 2017 |     9 | RJ             |                591 |                 582 |              685 |                 529 |                   303 |          93058.28 |    13638.87 |               106697.15 |  106702.60 |   180.5366328257191201 | 180.5458544839255499 |      12.9236258883248731 |        5.92216582064297800300
 2017 |     9 | RN             |                 23 |                  22 |               27 |                  23 |                    22 |           3320.04 |      699.82 |                 4019.86 |    4019.86 |   174.7765217391304348 | 174.7765217391304348 |      21.5925805652173913 |       13.04347826086956521700
 2017 |     9 | RO             |                 16 |                  15 |               20 |                  17 |                    14 |           4197.99 |      740.29 |                 4938.28 |    4938.28 |   308.6425000000000000 | 308.6425000000000000 |      17.5225028125000000 |        0.00000000000000000000
 2017 |     9 | RR             |                  1 |                   1 |                1 |                   1 |                     1 |             39.99 |       25.38 |                   65.37 |      65.37 |    65.3700000000000000 |  65.3700000000000000 |      17.0398500000000000 |        0.00000000000000000000
 2017 |     9 | RS             |                273 |                 270 |              313 |                 269 |                   171 |          37058.27 |     6175.33 |                43233.60 |   43250.48 |   158.3648351648351648 | 158.4266666666666667 |      13.9214236630036630 |        2.93040293040293040300
 2017 |     9 | SC             |                153 |                 151 |              172 |                 142 |                   111 |          25545.13 |     3604.94 |                29150.07 |   29166.46 |   190.5233333333333333 | 190.6304575163398693 |      14.3920527254901961 |        8.49673202614379085000
 2017 |     9 | SE             |                 16 |                  16 |               17 |                  17 |                    17 |           2815.29 |      726.20 |                 3541.49 |    3541.49 |   221.3431250000000000 | 221.3431250000000000 |      20.5524615625000000 |       12.50000000000000000000
 2017 |     9 | SP             |               1576 |                1557 |             1777 |                1243 |                   471 |         211451.30 |    27315.66 |               238766.96 |  238785.05 |   151.5018781725888325 | 151.5133565989847716 |       8.4220000513959391 |        3.87055837563451776600
 2017 |     9 | TO             |                 16 |                  15 |               19 |                  16 |                    15 |           3693.13 |      706.59 |                 4399.72 |    4399.72 |   274.9825000000000000 | 274.9825000000000000 |      19.4274652500000000 |        6.25000000000000000000
 2017 |    10 | AC             |                  5 |                   5 |                5 |                   5 |                     4 |            683.22 |      180.58 |                  863.80 |     863.80 |   172.7600000000000000 | 172.7600000000000000 |      13.1432710000000000 |        0.00000000000000000000
 2017 |    10 | AL             |                 28 |                  28 |               33 |                  28 |                    26 |           5344.36 |      997.22 |                 6341.58 |    6341.59 |   226.4850000000000000 | 226.4853571428571429 |      20.3806713571428571 |       10.71428571428571428600
 2017 |    10 | AM             |                  3 |                   3 |                3 |                   3 |                     3 |             70.88 |       93.68 |                  164.56 |     164.56 |    54.8533333333333333 |  54.8533333333333333 |      19.6244213333333333 |        0.00000000000000000000
 2017 |    10 | AP             |                  3 |                   3 |                3 |                   3 |                     3 |           1591.85 |      104.89 |                 1696.74 |    1696.74 |   565.5800000000000000 | 565.5800000000000000 |      18.6911726666666667 |        0.00000000000000000000
 2017 |    10 | BA             |                158 |                 156 |              177 |                 157 |                   110 |          23319.92 |     4294.28 |                27614.20 |   27614.20 |   174.7734177215189873 | 174.7734177215189873 |      18.2208821962025316 |       10.75949367088607594900
 2017 |    10 | CE             |                 63 |                  63 |               69 |                  64 |                    49 |          12053.02 |     2285.57 |                14338.59 |   14338.60 |   227.5966666666666667 | 227.5968253968253968 |      19.6254015873015873 |        4.76190476190476190500
 2017 |    10 | DF             |                 92 |                  91 |              104 |                  94 |                    72 |          12634.50 |     2097.00 |                14731.50 |   14731.50 |   160.1250000000000000 | 160.1250000000000000 |      12.5109293586956522 |        5.43478260869565217400
 2017 |    10 | ES             |                100 |                  98 |              108 |                  98 |                    84 |          10380.69 |     2286.86 |                12667.55 |   12667.55 |   126.6755000000000000 | 126.6755000000000000 |      14.5566000400000000 |        6.00000000000000000000
 2017 |    10 | GO             |                106 |                 106 |              129 |                 109 |                    88 |          16591.05 |     2686.64 |                19277.69 |   19277.68 |   181.8650000000000000 | 181.8649056603773585 |      14.2245459716981132 |        5.66037735849056603800
 2017 |    10 | MA             |                 48 |                  48 |               57 |                  49 |                    38 |          10335.80 |     2191.18 |                12526.98 |   12526.98 |   260.9787500000000000 | 260.9787500000000000 |      21.2550617708333333 |       27.08333333333333333300
 2017 |    10 | MG             |                542 |                 533 |              629 |                 475 |                   259 |          80710.11 |    12339.06 |                93049.17 |   93049.17 |   171.6774354243542435 | 171.6774354243542435 |      10.4277020977859779 |        1.29151291512915129200
 2017 |    10 | MS             |                 33 |                  32 |               45 |                  31 |                    31 |           6267.84 |     1033.93 |                 7301.77 |    7301.77 |   221.2657575757575758 | 221.2657575757575758 |      13.7102104242424242 |        9.09090909090909090900
 2017 |    10 | MT             |                 50 |                  50 |               63 |                  50 |                    39 |          10749.01 |     2143.87 |                12892.88 |   12892.88 |   257.8576000000000000 | 257.8576000000000000 |      16.2413911600000000 |        2.00000000000000000000
 2017 |    10 | PA             |                 52 |                  51 |               58 |                  51 |                    43 |           6722.58 |     1999.23 |                 8721.81 |    8721.81 |   167.7271153846153846 | 167.7271153846153846 |      24.9021703846153846 |        9.61538461538461538500
 2017 |    10 | PB             |                 28 |                  27 |               30 |                  30 |                    28 |          10236.50 |     1278.99 |                11515.49 |   11515.49 |   411.2675000000000000 | 411.2675000000000000 |      19.3431340714285714 |        0.00000000000000000000
 2017 |    10 | PE             |                 77 |                  76 |               82 |                  76 |                    63 |          17120.19 |     2977.06 |                20097.25 |   20097.25 |   261.0032467532467532 | 261.0032467532467532 |      17.7485359350649351 |        7.79220779220779220800
 2017 |    10 | PI             |                 23 |                  22 |               26 |                  23 |                    23 |           4047.04 |      908.00 |                 4955.04 |    4955.04 |   215.4365217391304348 | 215.4365217391304348 |      16.0226474782608696 |        4.34782608695652173900
 2017 |    10 | PR             |                198 |                 196 |              237 |                 196 |                   131 |          32639.41 |     4765.19 |                37404.60 |   37404.60 |   188.9121212121212121 | 188.9121212121212121 |      12.8044831464646465 |        4.54545454545454545500
 2017 |    10 | RJ             |                654 |                 637 |              759 |                 590 |                   321 |          95492.24 |    15085.72 |               110577.96 |  110577.92 |   169.0794495412844037 | 169.0793883792048930 |      13.0885928929663609 |        8.25688073394495412800
 2017 |    10 | RN             |                 23 |                  23 |               26 |                  25 |                    23 |           4202.47 |     1149.55 |                 5352.02 |    5352.02 |   232.6965217391304348 | 232.6965217391304348 |      18.3969893478260870 |        4.34782608695652173900
 2017 |    10 | RO             |                 13 |                  13 |               13 |                  13 |                    13 |           1609.97 |      681.72 |                 2291.69 |    2291.69 |   176.2838461538461538 | 176.2838461538461538 |      16.7431250000000000 |        0.00000000000000000000
 2017 |    10 | RR             |                  3 |                   3 |                3 |                   3 |                     3 |            388.98 |      136.17 |                  525.15 |     525.15 |   175.0500000000000000 | 175.0500000000000000 |      33.3922260000000000 |       33.33333333333333333300
 2017 |    10 | RS             |                244 |                 242 |              295 |                 240 |                   162 |          37126.33 |     6046.74 |                43173.07 |   43173.06 |   176.9388114754098361 | 176.9387704918032787 |      14.4422582786885246 |        4.09836065573770491800
 2017 |    10 | SC             |                174 |                 174 |              189 |                 166 |                   124 |          21022.55 |     3751.21 |                24773.76 |   24773.77 |   142.3779310344827586 | 142.3779885057471264 |      12.9335853103448276 |        5.17241379310344827600
 2017 |    10 | SE             |                 22 |                  21 |               23 |                  23 |                    22 |           4294.21 |      829.08 |                 5123.29 |    5123.29 |   232.8768181818181818 | 232.8768181818181818 |      23.5436626363636364 |       27.27272727272727272700
 2017 |    10 | SP             |               1723 |                1703 |             2034 |                1387 |                   505 |         219804.08 |    30096.72 |               249900.80 |  249924.09 |   145.0381892048752176 | 145.0517063261752757 |       8.2970174138131167 |        4.12071967498549042400
 2017 |    10 | TO             |                 13 |                  13 |               14 |                  14 |                    13 |           2808.85 |      429.22 |                 3238.07 |    3238.07 |   249.0823076923076923 | 249.0823076923076923 |      13.8998148461538462 |        0.00000000000000000000
 2017 |    11 | AC             |                  5 |                   5 |                5 |                   5 |                     5 |            649.92 |      295.24 |                  945.16 |     945.16 |   189.0320000000000000 | 189.0320000000000000 |      24.0759952000000000 |       20.00000000000000000000
 2017 |    11 | AL             |                 26 |                  26 |               33 |                  26 |                    24 |           5936.26 |     1505.21 |                 7441.47 |    7441.47 |   286.2103846153846154 | 286.2103846153846154 |      23.1754211538461538 |       23.07692307692307692300
 2017 |    11 | AM             |                 10 |                  10 |               10 |                  10 |                     9 |           2635.25 |      365.76 |                 3001.01 |    3001.01 |   300.1010000000000000 | 300.1010000000000000 |      34.2247616000000000 |        0.00000000000000000000
 2017 |    11 | AP             |                  4 |                   4 |                5 |                   4 |                     4 |            511.88 |      177.29 |                  689.17 |     689.17 |   172.2925000000000000 | 172.2925000000000000 |      27.9506597500000000 |        0.00000000000000000000
 2017 |    11 | BA             |                243 |                 235 |              293 |                 231 |                   141 |          28819.04 |     6630.51 |                35449.55 |   35449.55 |   145.8829218106995885 | 145.8829218106995885 |      20.3596215884773663 |       16.87242798353909465000
 2017 |    11 | CE             |                103 |                 103 |              118 |                 100 |                    75 |          18353.59 |     3774.78 |                22128.37 |   22128.37 |   214.8385436893203883 | 214.8385436893203883 |      25.0233867475728155 |       30.09708737864077669900
 2017 |    11 | DF             |                157 |                 155 |              172 |                 151 |                   116 |          26406.16 |     3789.87 |                30196.03 |   30196.02 |   192.3314012738853503 | 192.3313375796178344 |      15.1123518216560510 |       12.73885350318471337600
 2017 |    11 | ES             |                168 |                 167 |              193 |                 168 |                   112 |          23858.76 |     4544.07 |                28402.83 |   28402.83 |   169.0644642857142857 | 169.0644642857142857 |      17.3714241547619048 |       22.61904761904761904800
 2017 |    11 | GO             |                153 |                 151 |              180 |                 161 |                   120 |          20726.21 |     3937.35 |                24663.56 |   24663.54 |   161.1997385620915033 | 161.1996078431372549 |      18.5490878366013072 |       17.64705882352941176500
 2017 |    11 | MA             |                 53 |                  52 |               61 |                  55 |                    50 |           9838.59 |     2395.81 |                12234.40 |   12234.40 |   230.8377358490566038 | 230.8377358490566038 |      30.4012193962264151 |       54.71698113207547169800
 2017 |    11 | MG             |                922 |                 914 |             1079 |                 803 |                   356 |         132686.09 |    21443.29 |               154129.38 |  154131.98 |   167.1685249457700651 | 167.1713449023861171 |      14.3653229620390456 |        9.76138828633405639900
 2017 |    11 | MS             |                 44 |                  44 |               52 |                  46 |                    42 |           5850.88 |     1131.58 |                 6982.46 |    7017.29 |   158.6922727272727273 | 159.4838636363636364 |      16.1392779545454545 |       11.36363636363636363600
 2017 |    11 | MT             |                 73 |                  73 |               87 |                  75 |                    65 |          11381.71 |     1981.88 |                13363.59 |   13363.55 |   183.0628767123287671 | 183.0623287671232877 |      20.1200863150684932 |       13.69863013698630137000
 2017 |    11 | PA             |                 69 |                  69 |               77 |                  70 |                    53 |          11666.53 |     2706.00 |                14372.53 |   14372.53 |   208.2975362318840580 | 208.2975362318840580 |      26.4922448985507246 |       14.49275362318840579700
 2017 |    11 | PB             |                 27 |                  27 |               28 |                  27 |                    22 |           4397.59 |     1318.63 |                 5716.22 |    5716.22 |   211.7118518518518519 | 211.7118518518518519 |      23.9219272222222222 |       18.51851851851851851900
 2017 |    11 | PE             |                125 |                 122 |              147 |                 119 |                    85 |          19599.24 |     4635.46 |                24234.70 |   24295.71 |   193.8776000000000000 | 194.3656800000000000 |      19.3948573680000000 |       13.60000000000000000000
 2017 |    11 | PI             |                 31 |                  31 |               32 |                  30 |                    27 |           2707.81 |     1097.58 |                 3805.39 |    3805.39 |   122.7545161290322581 | 122.7545161290322581 |      26.7943888709677419 |       58.06451612903225806500
 2017 |    11 | PR             |                365 |                 360 |              440 |                 342 |                   227 |          45751.34 |     8486.63 |                54237.97 |   54237.96 |   148.5971780821917808 | 148.5971506849315068 |      14.7022576986301370 |       10.13698630136986301400
 2017 |    11 | RJ             |               1012 |                 996 |             1184 |                 827 |                   392 |         147782.40 |    24415.42 |               172197.82 |  172234.57 |   170.1559486166007905 | 170.1922628458498024 |      19.2345664426877470 |       28.06324110671936758900
 2017 |    11 | RN             |                 41 |                  41 |               47 |                  40 |                    36 |           8215.66 |     1524.37 |                 9740.03 |    9740.04 |   237.5617073170731707 | 237.5619512195121951 |      20.7236873170731707 |       19.51219512195121951200
 2017 |    11 | RO             |                 17 |                  17 |               18 |                  17 |                    17 |           5852.16 |     1205.31 |                 7057.47 |    7057.47 |   415.1452941176470588 | 415.1452941176470588 |      17.1283347058823529 |        0.00000000000000000000
 2017 |    11 | RR             |                  2 |                   2 |                2 |                   2 |                     2 |             98.64 |       52.82 |                  151.46 |     151.46 |    75.7300000000000000 |  75.7300000000000000 |      34.1143865000000000 |       50.00000000000000000000
 2017 |    11 | RS             |                409 |                 405 |              474 |                 382 |                   230 |          57463.27 |     9799.46 |                67262.73 |   67262.74 |   164.4565525672371638 | 164.4565770171149144 |      19.0039078264058680 |       15.64792176039119804400
 2017 |    11 | SC             |                288 |                 287 |              337 |                 268 |                   176 |          37870.90 |     6396.82 |                44267.72 |   44269.59 |   153.7073611111111111 | 153.7138541666666667 |      17.6221346979166667 |       15.97222222222222222200
 2017 |    11 | SE             |                 26 |                  26 |               28 |                  27 |                    25 |           5579.25 |     1034.14 |                 6613.39 |    6613.39 |   254.3611538461538462 | 254.3611538461538462 |      26.4487165769230769 |       26.92307692307692307700
 2017 |    11 | SP             |               2899 |                2844 |             3351 |                2164 |                   660 |         350790.18 |    50210.69 |               401000.87 |  401027.72 |   138.3238599517074853 | 138.3331217661262504 |      10.6925223743961353 |        8.45119006553984132500
 2017 |    11 | TO             |                 17 |                  17 |               22 |                  18 |                    16 |           2336.06 |      742.86 |                 3078.92 |    3078.92 |   181.1129411764705882 | 181.1129411764705882 |      19.7945451764705882 |       17.64705882352941176500
 2017 |    12 | AC             |                  5 |                   5 |                6 |                   5 |                     5 |           1100.78 |      308.80 |                 1409.58 |    1409.58 |   281.9160000000000000 | 281.9160000000000000 |      21.9190184000000000 |        0.00000000000000000000
 2017 |    12 | AL             |                 12 |                  12 |               12 |                  12 |                    12 |           2223.87 |      456.89 |                 2680.76 |    2680.76 |   223.3966666666666667 | 223.3966666666666667 |      21.7738330000000000 |        0.00000000000000000000
 2017 |    12 | AM             |                  6 |                   6 |                6 |                   6 |                     6 |           1029.46 |      144.16 |                 1173.62 |    1173.62 |   195.6033333333333333 | 195.6033333333333333 |      36.8775328333333333 |        0.00000000000000000000
 2017 |    12 | AP             |                  4 |                   4 |                4 |                   4 |                     4 |            601.90 |      168.66 |                  770.56 |     770.56 |   192.6400000000000000 | 192.6400000000000000 |      30.5439902500000000 |        0.00000000000000000000
 2017 |    12 | BA             |                188 |                 185 |              207 |                 180 |                   127 |          27799.77 |     5115.18 |                32914.95 |   32940.43 |   175.0795212765957447 | 175.2150531914893617 |      22.4106456595744681 |       14.36170212765957446800
 2017 |    12 | CE             |                 79 |                  77 |               83 |                  74 |                    56 |          10299.44 |     2340.76 |                12640.20 |   12640.20 |   160.0025316455696203 | 160.0025316455696203 |      23.0971951265822785 |       10.12658227848101265800
 2017 |    12 | DF             |                129 |                 129 |              151 |                 124 |                    96 |          16829.68 |     2936.97 |                19766.65 |   19766.65 |   153.2298449612403101 | 153.2298449612403101 |      15.3740232480620155 |        5.42635658914728682200
 2017 |    12 | ES             |                108 |                 104 |              112 |                 104 |                    89 |          12189.76 |     2060.80 |                14250.56 |   14250.56 |   131.9496296296296296 | 131.9496296296296296 |      19.6910414259259259 |        6.48148148148148148100
 2017 |    12 | GO             |                125 |                 123 |              136 |                 117 |                    81 |          15674.93 |     2711.55 |                18386.48 |   18386.48 |   147.0918400000000000 | 147.0918400000000000 |      18.5064767040000000 |        8.00000000000000000000
 2017 |    12 | MA             |                 40 |                  39 |               44 |                  42 |                    36 |           5590.15 |     1691.79 |                 7281.94 |    7281.94 |   182.0485000000000000 | 182.0485000000000000 |      24.3857742500000000 |       12.50000000000000000000
 2017 |    12 | MG             |                669 |                 660 |              773 |                 583 |                   292 |          91152.90 |    14300.90 |               105453.80 |  105468.04 |   157.6289985052316891 | 157.6502840059790732 |      14.6382394110612855 |        4.03587443946188340800
 2017 |    12 | MS             |                 34 |                  33 |               38 |                  32 |                    30 |           5231.45 |      774.50 |                 6005.95 |    6005.95 |   176.6455882352941176 | 176.6455882352941176 |      19.8923029117647059 |        8.82352941176470588200
 2017 |    12 | MT             |                 49 |                  49 |               53 |                  53 |                    44 |           9017.20 |     1531.23 |                10548.43 |   10560.54 |   215.2740816326530612 | 215.5212244897959184 |      23.3411656938775510 |       10.20408163265306122400
 2017 |    12 | PA             |                 58 |                  57 |               61 |                  58 |                    55 |          10420.23 |     1962.17 |                12382.40 |   12382.40 |   213.4896551724137931 | 213.4896551724137931 |      26.4588982413793103 |       10.34482758620689655200
 2017 |    12 | PB             |                 37 |                  37 |               41 |                  37 |                    33 |           5585.56 |     1430.69 |                 7016.25 |    7016.25 |   189.6283783783783784 | 189.6283783783783784 |      21.5600681081081081 |       10.81081081081081081100
 2017 |    12 | PE             |                101 |                  99 |              116 |                  98 |                    79 |          15670.62 |     3486.51 |                19157.13 |   19170.63 |   189.6745544554455446 | 189.8082178217821782 |      21.6279507326732673 |        8.91089108910891089100
 2017 |    12 | PI             |                 23 |                  23 |               25 |                  24 |                    21 |           2646.92 |      861.56 |                 3508.48 |    3508.48 |   152.5426086956521739 | 152.5426086956521739 |      20.8235547826086957 |       13.04347826086956521700
 2017 |    12 | PR             |                260 |                 259 |              280 |                 235 |                   164 |          29894.54 |     5199.87 |                35094.41 |   35097.71 |   134.9785000000000000 | 134.9911923076923077 |      14.8488252384615385 |        5.38461538461538461500
 2017 |    12 | RJ             |                746 |                 741 |              835 |                 636 |                   305 |         112259.63 |    17757.58 |               130017.21 |  130017.20 |   174.2858042895442359 | 174.2857908847184987 |      21.8428693404825737 |       26.13941018766756032200
 2017 |    12 | RN             |                 30 |                  29 |               33 |                  26 |                    24 |           3168.45 |      930.05 |                 4098.50 |    4098.50 |   136.6166666666666667 | 136.6166666666666667 |      16.9112924666666667 |        6.66666666666666666700
 2017 |    12 | RO             |                 11 |                  10 |               12 |                  11 |                    11 |           1949.58 |      460.78 |                 2410.36 |    2420.06 |   219.1236363636363636 | 220.0054545454545455 |      21.1803777272727273 |        0.00000000000000000000
 2017 |    12 | RS             |                278 |                 277 |              314 |                 255 |                   179 |          41904.95 |     6788.47 |                48693.42 |   48709.29 |   175.1561870503597122 | 175.2132733812949640 |      20.1148110899280576 |       11.51079136690647482000
 2017 |    12 | SC             |                192 |                 189 |              205 |                 179 |                   134 |          24234.89 |     4135.17 |                28370.06 |   28370.06 |   147.7607291666666667 | 147.7607291666666667 |      17.7903485989583333 |        6.25000000000000000000
 2017 |    12 | SE             |                 20 |                  20 |               27 |                  20 |                    20 |           3147.78 |      904.14 |                 4051.92 |    4051.92 |   202.5960000000000000 | 202.5960000000000000 |      24.4973159500000000 |       15.00000000000000000000
 2017 |    12 | SP             |               2295 |                2269 |             2598 |                1709 |                   591 |         274951.74 |    38150.77 |               313102.51 |  313129.20 |   136.4281089324618736 | 136.4397385620915033 |      10.2196664797385621 |        3.57298474945533769100
 2017 |    12 | TO             |                 14 |                  14 |               15 |                  15 |                    14 |           1457.01 |      435.15 |                 1892.16 |    1892.16 |   135.1542857142857143 | 135.1542857142857143 |      18.9341078571428571 |        7.14285714285714285700
 2018 |     1 | AC             |                  6 |                   6 |                6 |                   6 |                     6 |            882.94 |      274.95 |                 1157.89 |    1157.89 |   192.9816666666666667 | 192.9816666666666667 |      18.7424190000000000 |        0.00000000000000000000
 2018 |     1 | AL             |                 36 |                  35 |               37 |                  36 |                    34 |           5009.28 |     1209.14 |                 6218.42 |    6218.42 |   172.7338888888888889 | 172.7338888888888889 |      27.8757568333333333 |       36.11111111111111111100
 2018 |     1 | AM             |                 12 |                  12 |               12 |                  12 |                    10 |           2925.65 |      507.81 |                 3433.46 |    3433.46 |   286.1216666666666667 | 286.1216666666666667 |      31.2637288333333333 |        0.00000000000000000000
 2018 |     1 | AP             |                 11 |                  11 |               13 |                  12 |                    10 |           2393.67 |      395.07 |                 2788.74 |    2788.74 |   253.5218181818181818 | 253.5218181818181818 |      24.9398600000000000 |        0.00000000000000000000
 2018 |     1 | BA             |                228 |                 228 |              257 |                 215 |                   156 |          36395.14 |     7099.45 |                43494.59 |   43530.00 |   190.7657456140350877 | 190.9210526315789474 |      18.9596135877192982 |        7.45614035087719298200
 2018 |     1 | CE             |                 77 |                  77 |               94 |                  77 |                    57 |          12064.16 |     2693.10 |                14757.26 |   14757.26 |   191.6527272727272727 | 191.6527272727272727 |      24.7377948051948052 |       12.98701298701298701300
 2018 |     1 | DF             |                135 |                 134 |              151 |                 131 |                   100 |          17435.68 |     2917.67 |                20353.35 |   20381.94 |   150.7655555555555556 | 150.9773333333333333 |      12.8617036074074074 |        4.44444444444444444400
 2018 |     1 | ES             |                145 |                 141 |              160 |                 138 |                   102 |          20095.42 |     3432.80 |                23528.22 |   23528.22 |   162.2635862068965517 | 162.2635862068965517 |      16.5721571586206897 |       11.03448275862068965500
 2018 |     1 | GO             |                144 |                 143 |              169 |                 139 |                   107 |          16713.29 |     3246.21 |                19959.50 |   19964.95 |   138.6076388888888889 | 138.6454861111111111 |      16.0732497777777778 |        4.86111111111111111100
 2018 |     1 | MA             |                 55 |                  55 |               63 |                  58 |                    49 |           8706.52 |     2384.11 |                11090.63 |   11090.64 |   201.6478181818181818 | 201.6480000000000000 |      19.6857584363636364 |        7.27272727272727272700
 2018 |     1 | MG             |                846 |                 833 |              968 |                 730 |                   380 |         113543.88 |    19033.91 |               132577.79 |  132693.14 |   156.7113356973995272 | 156.8476832151300236 |      12.7735338108747045 |        3.78250591016548463400
 2018 |     1 | MS             |                 70 |                  68 |               79 |                  70 |                    62 |          10100.76 |     1929.12 |                12029.88 |   12029.88 |   171.8554285714285714 | 171.8554285714285714 |      15.3394348571428571 |        5.71428571428571428600
 2018 |     1 | MT             |                 83 |                  80 |               95 |                  83 |                    68 |          10535.70 |     2230.57 |                12766.27 |   12949.08 |   153.8104819277108434 | 156.0130120481927711 |      19.2675748674698795 |        3.61445783132530120500
 2018 |     1 | PA             |                 69 |                  68 |               76 |                  67 |                    54 |          13987.87 |     2745.93 |                16733.80 |   16737.80 |   242.5188405797101449 | 242.5768115942028986 |      25.8874247101449275 |        8.69565217391304347800
 2018 |     1 | PB             |                 31 |                  31 |               33 |                  31 |                    27 |           6800.29 |     1222.23 |                 8022.52 |    8022.52 |   258.7909677419354839 | 258.7909677419354839 |      22.1439295806451613 |       12.90322580645161290300
 2018 |     1 | PE             |                102 |                 102 |              110 |                 102 |                    78 |          13942.63 |     3255.53 |                17198.16 |   17198.16 |   168.6094117647058824 | 168.6094117647058824 |      19.2374946274509804 |        8.82352941176470588200
 2018 |     1 | PI             |                 47 |                  46 |               50 |                  48 |                    40 |           6724.17 |     1853.11 |                 8577.28 |    8598.06 |   182.4953191489361702 | 182.9374468085106383 |      19.4298495319148936 |       12.76595744680851063800
 2018 |     1 | PR             |                371 |                 365 |              428 |                 325 |                   204 |          43998.60 |     7706.51 |                51705.11 |   51739.53 |   139.3668733153638814 | 139.4596495956873315 |      13.7554571752021563 |        2.96495956873315363900
 2018 |     1 | RJ             |                850 |                 838 |              977 |                 676 |                   345 |         117268.05 |    20072.04 |               137340.09 |  137399.85 |   161.5765764705882353 | 161.6468823529411765 |      18.3616440400000000 |       14.70588235294117647100
 2018 |     1 | RN             |                 42 |                  41 |               46 |                  36 |                    29 |           5527.85 |     1305.70 |                 6833.55 |    6833.55 |   162.7035714285714286 | 162.7035714285714286 |      15.3650022380952381 |        2.38095238095238095200
 2018 |     1 | RO             |                 20 |                  20 |               22 |                  21 |                    19 |           2286.76 |      803.34 |                 3090.10 |    3090.10 |   154.5050000000000000 | 154.5050000000000000 |      24.7192581500000000 |        5.00000000000000000000
 2018 |     1 | RR             |                  1 |                   1 |                1 |                   1 |                     1 |            129.00 |       33.79 |                  162.79 |     162.79 |   162.7900000000000000 | 162.7900000000000000 |      25.0073030000000000 |        0.00000000000000000000
 2018 |     1 | RS             |                367 |                 363 |              417 |                 345 |                   217 |          46214.29 |     8594.99 |                54809.28 |   54822.37 |   149.3440871934604905 | 149.3797547683923706 |      19.0138020354223433 |        9.26430517711171662100
 2018 |     1 | SC             |                311 |                 307 |              353 |                 298 |                   200 |          37192.63 |     7303.10 |                44495.73 |   44511.87 |   143.0730868167202572 | 143.1249839228295820 |      19.2458450610932476 |       11.57556270096463022500
 2018 |     1 | SE             |                 19 |                  19 |               20 |                  20 |                    17 |           3038.30 |      650.97 |                 3689.27 |    3689.27 |   194.1721052631578947 | 194.1721052631578947 |      19.5286830000000000 |        5.26315789473684210500
 2018 |     1 | SP             |               2975 |                2934 |             3379 |                2075 |                   684 |         368611.43 |    49681.06 |               418292.49 |  418496.08 |   140.6025176470588235 | 140.6709512605042017 |       9.9739986026890756 |        3.96638655462184873900
 2018 |     1 | TO             |                 16 |                  16 |               21 |                  17 |                    17 |           2121.04 |      660.25 |                 2781.29 |    2781.29 |   173.8306250000000000 | 173.8306250000000000 |      18.4839893750000000 |        0.00000000000000000000
 2018 |     2 | AC             |                  3 |                   3 |                3 |                   3 |                     3 |            201.83 |       97.39 |                  299.22 |     299.22 |    99.7400000000000000 |  99.7400000000000000 |      23.1398190000000000 |        0.00000000000000000000
 2018 |     2 | AL             |                 27 |                  27 |               29 |                  27 |                    25 |           4593.07 |     1087.78 |                 5680.85 |    5680.85 |   210.4018518518518519 | 210.4018518518518519 |      27.3177120740740741 |       37.03703703703703703700
 2018 |     2 | AM             |                  8 |                   8 |               13 |                  10 |                     8 |           2028.62 |      457.96 |                 2486.58 |    2486.60 |   310.8225000000000000 | 310.8250000000000000 |      33.0936155000000000 |       12.50000000000000000000
 2018 |     2 | AP             |                  2 |                   2 |                2 |                   2 |                     2 |           1007.90 |       78.41 |                 1086.31 |    1086.31 |   543.1550000000000000 | 543.1550000000000000 |      22.1449650000000000 |        0.00000000000000000000
 2018 |     2 | BA             |                208 |                 202 |              247 |                 200 |                   143 |          31583.02 |     6010.92 |                37593.94 |   37605.64 |   180.7400961538461538 | 180.7963461538461538 |      23.2940755240384615 |       21.63461538461538461500
 2018 |     2 | CE             |                 84 |                  82 |               98 |                  84 |                    67 |           9871.28 |     2797.78 |                12669.06 |   12669.07 |   150.8221428571428571 | 150.8222619047619048 |      30.6636739166666667 |       42.85714285714285714300
 2018 |     2 | DF             |                170 |                 161 |              189 |                 159 |                   125 |          21145.48 |     3504.91 |                24650.39 |   24650.39 |   145.0022941176470588 | 145.0022941176470588 |      18.8568522588235294 |       14.70588235294117647100
 2018 |     2 | ES             |                149 |                 147 |              164 |                 141 |                   113 |          16994.13 |     3336.85 |                20330.98 |   20332.53 |   136.4495302013422819 | 136.4599328859060403 |      19.4179447114093960 |       16.10738255033557047000
 2018 |     2 | GO             |                146 |                 144 |              172 |                 142 |                   105 |          17702.23 |     3557.08 |                21259.31 |   21290.49 |   145.6117123287671233 | 145.8252739726027397 |      20.0831811164383562 |       21.91780821917808219200
 2018 |     2 | MA             |                 55 |                  53 |               59 |                  51 |                    46 |           9877.81 |     2582.11 |                12459.92 |   12463.69 |   226.5440000000000000 | 226.6125454545454545 |      29.2738091636363636 |       36.36363636363636363600
 2018 |     2 | MG             |                790 |                 773 |              889 |                 637 |                   360 |         106746.23 |    17368.60 |               124114.83 |  124238.85 |   157.1073797468354430 | 157.2643670886075949 |      15.7614855037974684 |       10.50632911392405063300
 2018 |     2 | MS             |                 64 |                  64 |               77 |                  61 |                    56 |           8593.19 |     1532.97 |                10126.16 |   10129.11 |   158.2212500000000000 | 158.2673437500000000 |      21.1919248125000000 |       25.00000000000000000000
 2018 |     2 | MT             |                 67 |                  66 |               71 |                  68 |                    56 |           8172.69 |     1674.59 |                 9847.28 |    9847.28 |   146.9743283582089552 | 146.9743283582089552 |      22.1819613283582090 |       13.43283582089552238800
 2018 |     2 | PA             |                 57 |                  54 |               68 |                  57 |                    46 |           8921.71 |     2025.47 |                10947.18 |   10947.18 |   192.0557894736842105 | 192.0557894736842105 |      29.6130772982456140 |       15.78947368421052631600
 2018 |     2 | PB             |                 35 |                  35 |               43 |                  35 |                    33 |           4750.80 |     1592.12 |                 6342.92 |    6342.92 |   181.2262857142857143 | 181.2262857142857143 |      19.2952476571428571 |        8.57142857142857142900
 2018 |     2 | PE             |                121 |                 120 |              130 |                 116 |                    93 |          16654.03 |     3455.94 |                20109.97 |   20136.76 |   166.1980991735537190 | 166.4195041322314050 |      20.8430262148760331 |       13.22314049586776859500
 2018 |     2 | PI             |                 32 |                  32 |               39 |                  32 |                    30 |           4210.82 |     1448.14 |                 5658.96 |    5704.39 |   176.8425000000000000 | 178.2621875000000000 |      22.7976981875000000 |       25.00000000000000000000
 2018 |     2 | PR             |                335 |                 329 |              377 |                 306 |                   204 |          44752.11 |     6846.50 |                51598.61 |   51616.75 |   154.0257014925373134 | 154.0798507462686567 |      14.7811417701492537 |        9.85074626865671641800
 2018 |     2 | RJ             |                879 |                 862 |             1015 |                 714 |                   375 |         110517.97 |    20130.56 |               130648.53 |  130648.53 |   148.6331399317406143 | 148.6331399317406143 |      23.8177621160409556 |       35.94994311717861205900
 2018 |     2 | RN             |                 23 |                  22 |               26 |                  24 |                    19 |           3204.87 |      926.15 |                 4131.02 |    4144.53 |   179.6095652173913043 | 180.1969565217391304 |      20.9011210869565217 |        8.69565217391304347800
 2018 |     2 | RO             |                 13 |                  13 |               14 |                  13 |                    13 |           1579.38 |      530.59 |                 2109.97 |    2109.97 |   162.3053846153846154 | 162.3053846153846154 |      21.3448663846153846 |        0.00000000000000000000
 2018 |     2 | RR             |                  3 |                   3 |                3 |                   3 |                     3 |            129.99 |      105.64 |                  235.63 |     235.63 |    78.5433333333333333 |  78.5433333333333333 |      47.5747646666666667 |       33.33333333333333333300
 2018 |     2 | RS             |                363 |                 348 |              424 |                 319 |                   208 |          46360.01 |     8317.46 |                54677.47 |   54677.46 |   150.6266391184573003 | 150.6266115702479339 |      21.2425017134986226 |       14.60055096418732782400
 2018 |     2 | SC             |                254 |                 252 |              298 |                 238 |                   168 |          31886.25 |     5805.14 |                37691.39 |   37710.33 |   148.3912992125984252 | 148.4658661417322835 |      21.7762652992125984 |       25.98425196850393700800
 2018 |     2 | SE             |                 15 |                  15 |               21 |                  13 |                    13 |           4486.91 |      616.19 |                 5103.10 |    5103.10 |   340.2066666666666667 | 340.2066666666666667 |      18.3266790000000000 |       13.33333333333333333300
 2018 |     2 | SP             |               2632 |                2564 |             3027 |                1852 |                   657 |         307829.15 |    43121.21 |               350950.36 |  350994.83 |   133.3398024316109422 | 133.3566983282674772 |      11.4489685816869301 |        8.62462006079027355600
 2018 |     2 | TO             |                 20 |                  19 |               20 |                  20 |                    19 |           2635.65 |      722.82 |                 3358.47 |    3358.47 |   167.9235000000000000 | 167.9235000000000000 |      27.4603953000000000 |       55.00000000000000000000
 2018 |     3 | AC             |                  2 |                   2 |                2 |                   2 |                     2 |             97.80 |       66.87 |                  164.67 |     164.67 |    82.3350000000000000 |  82.3350000000000000 |      35.6509900000000000 |        0.00000000000000000000
 2018 |     3 | AL             |                 27 |                  27 |               31 |                  27 |                    24 |           6406.95 |     1058.36 |                 7465.31 |    7465.31 |   276.4929629629629630 | 276.4929629629629630 |      24.2974532592592593 |       40.74074074074074074100
 2018 |     3 | AM             |                  8 |                   8 |               10 |                   8 |                     8 |            973.16 |      461.01 |                 1434.17 |    1434.17 |   179.2712500000000000 | 179.2712500000000000 |      39.1309301250000000 |       25.00000000000000000000
 2018 |     3 | AP             |                  5 |                   5 |                5 |                   5 |                     5 |            535.39 |      169.15 |                  704.54 |     704.54 |   140.9080000000000000 | 140.9080000000000000 |      32.1913100000000000 |        0.00000000000000000000
 2018 |     3 | BA             |                235 |                 233 |              275 |                 219 |                   163 |          34965.93 |     8248.93 |                43214.86 |   43214.86 |   183.8930212765957447 | 183.8930212765957447 |      23.3181779659574468 |       35.31914893617021276600
 2018 |     3 | CE             |                 93 |                  93 |              112 |                  90 |                    69 |          18155.89 |     4045.31 |                22201.20 |   22201.20 |   238.7225806451612903 | 238.7225806451612903 |      29.7266099247311828 |       53.76344086021505376300
 2018 |     3 | DF             |                147 |                 142 |              164 |                 145 |                   111 |          20520.53 |     3884.99 |                24405.52 |   24405.52 |   166.0239455782312925 | 166.0239455782312925 |      16.2828811020408163 |       20.40816326530612244900
 2018 |     3 | ES             |                133 |                 132 |              145 |                 125 |                    96 |          17172.77 |     3188.53 |                20361.30 |   20361.30 |   153.0924812030075188 | 153.0924812030075188 |      21.7304585263157895 |       44.36090225563909774400
 2018 |     3 | GO             |                141 |                 141 |              169 |                 136 |                    99 |          18081.41 |     4141.84 |                22223.25 |   22223.27 |   157.6117021276595745 | 157.6118439716312057 |      18.8536576312056738 |       19.85815602836879432600
 2018 |     3 | MA             |                 49 |                  48 |               62 |                  51 |                    43 |           7913.76 |     2545.69 |                10459.45 |   10459.43 |   213.4581632653061224 | 213.4577551020408163 |      26.4702178163265306 |       55.10204081632653061200
 2018 |     3 | MG             |                856 |                 842 |              968 |                 712 |                   368 |         114857.97 |    21324.31 |               136182.28 |  136213.79 |   159.0914485981308411 | 159.1282593457943925 |      16.7635687126168224 |       23.24766355140186915900
 2018 |     3 | MS             |                 57 |                  57 |               65 |                  59 |                    47 |           7009.98 |     1578.91 |                 8588.89 |    8588.89 |   150.6822807017543860 | 150.6822807017543860 |      21.9249914736842105 |       40.35087719298245614000
 2018 |     3 | MT             |                 52 |                  51 |               63 |                  53 |                    47 |           8213.74 |     1767.64 |                 9981.38 |    9981.38 |   191.9496153846153846 | 191.9496153846153846 |      23.1355664230769231 |       26.92307692307692307700
 2018 |     3 | PA             |                 67 |                  67 |               74 |                  69 |                    56 |          11937.21 |     2849.92 |                14787.13 |   14787.11 |   220.7034328358208955 | 220.7031343283582090 |      37.8669596268656716 |       52.23880597014925373100
 2018 |     3 | PB             |                 39 |                  39 |               51 |                  40 |                    33 |           6087.00 |     1980.23 |                 8067.23 |    8067.23 |   206.8520512820512821 | 206.8520512820512821 |      22.5761950512820513 |       12.82051282051282051300
 2018 |     3 | PE             |                107 |                 107 |              114 |                 102 |                    79 |          22702.39 |     4107.79 |                26810.18 |   26810.18 |   250.5624299065420561 | 250.5624299065420561 |      21.5233620373831776 |       23.36448598130841121500
 2018 |     3 | PI             |                 34 |                  34 |               38 |                  34 |                    33 |           6557.29 |     1601.54 |                 8158.83 |    8158.83 |   239.9655882352941176 | 239.9655882352941176 |      22.2553642647058824 |       35.29411764705882352900
 2018 |     3 | PR             |                369 |                 364 |              422 |                 350 |                   220 |          49983.31 |     8867.48 |                58850.79 |   58854.15 |   159.4872357723577236 | 159.4963414634146341 |      15.3148228590785908 |       15.17615176151761517600
 2018 |     3 | RJ             |                864 |                 850 |              996 |                 753 |                   392 |         113062.84 |    22124.03 |               135186.87 |  135228.10 |   156.4662847222222222 | 156.5140046296296296 |      24.2954142662037037 |       36.92129629629629629600
 2018 |     3 | RN             |                 38 |                  37 |               41 |                  40 |                    35 |           7183.93 |     1673.23 |                 8857.16 |    8857.16 |   233.0831578947368421 | 233.0831578947368421 |      24.1066518421052632 |       21.05263157894736842100
 2018 |     3 | RO             |                 13 |                  13 |               14 |                  14 |                    13 |           2726.89 |      578.96 |                 3305.85 |    3305.85 |   254.2961538461538462 | 254.2961538461538462 |      26.2436245384615385 |       23.07692307692307692300
 2018 |     3 | RR             |                  5 |                   5 |                5 |                   4 |                     4 |           1704.78 |      314.02 |                 2018.80 |    2018.80 |   403.7600000000000000 | 403.7600000000000000 |      32.2125856000000000 |        0.00000000000000000000
 2018 |     3 | RS             |                407 |                 402 |              454 |                 368 |                   258 |          56068.40 |    10307.02 |                66375.42 |   66375.41 |   163.0845700245700246 | 163.0845454545454545 |      19.9100354791154791 |       20.63882063882063882100
 2018 |     3 | SC             |                247 |                 243 |              286 |                 239 |                   171 |          36300.36 |     6389.14 |                42689.50 |   42689.49 |   172.8319838056680162 | 172.8319433198380567 |      17.2497289716599190 |       23.48178137651821862300
 2018 |     3 | SE             |                 17 |                  17 |               20 |                  17 |                    16 |           2528.42 |      884.10 |                 3412.52 |    3412.52 |   200.7364705882352941 | 200.7364705882352941 |      25.6260975882352941 |       64.70588235294117647100
 2018 |     3 | SP             |               2971 |                2935 |             3410 |                2109 |                   722 |         377034.34 |    52077.17 |               429111.51 |  429115.21 |   144.4333591383372602 | 144.4346045102659037 |      10.4043835853248065 |       11.67956916863009087800
 2018 |     3 | TO             |                 20 |                  20 |               21 |                  20 |                    20 |           4573.81 |     1005.82 |                 5579.63 |    5579.63 |   278.9815000000000000 | 278.9815000000000000 |      21.1248431500000000 |       35.00000000000000000000
 2018 |     4 | AC             |                  4 |                   4 |                4 |                   4 |                     4 |            422.98 |      165.19 |                  588.17 |     588.17 |   147.0425000000000000 | 147.0425000000000000 |      35.3157872500000000 |       25.00000000000000000000
 2018 |     4 | AL             |                 27 |                  27 |               29 |                  27 |                    27 |           5956.23 |     1050.23 |                 7006.46 |    7006.46 |   259.4985185185185185 | 259.4985185185185185 |      23.8124315185185185 |       25.92592592592592592600
 2018 |     4 | AM             |                  6 |                   6 |                6 |                   6 |                     6 |            667.79 |      225.70 |                  893.49 |     893.49 |   148.9150000000000000 | 148.9150000000000000 |      26.3820851666666667 |        0.00000000000000000000
 2018 |     4 | AP             |                  5 |                   5 |                6 |                   5 |                     5 |            822.70 |      220.10 |                 1042.80 |    1042.80 |   208.5600000000000000 | 208.5600000000000000 |      27.2079930000000000 |        0.00000000000000000000
 2018 |     4 | BA             |                216 |                 215 |              239 |                 208 |                   155 |          30278.85 |     6602.91 |                36881.76 |   36881.74 |   170.7488888888888889 | 170.7487962962962963 |      22.4249489120370370 |       24.53703703703703703700
 2018 |     4 | CE             |                 96 |                  96 |              102 |                  89 |                    71 |          16421.94 |     3465.66 |                19887.60 |   19887.97 |   207.1625000000000000 | 207.1663541666666667 |      24.1851528854166667 |       25.00000000000000000000
 2018 |     4 | DF             |                146 |                 143 |              166 |                 146 |                   113 |          18186.79 |     3280.46 |                21467.25 |   21467.25 |   147.0359589041095890 | 147.0359589041095890 |      11.3207370205479452 |        4.10958904109589041100
 2018 |     4 | ES             |                140 |                 140 |              158 |                 136 |                   104 |          15564.57 |     3548.08 |                19112.65 |   19112.64 |   136.5189285714285714 | 136.5188571428571429 |      17.5965134357142857 |       17.14285714285714285700
 2018 |     4 | GO             |                132 |                 131 |              145 |                 128 |                    97 |          18838.67 |     3391.84 |                22230.51 |   22262.20 |   168.4129545454545455 | 168.6530303030303030 |      15.3431206590909091 |        6.06060606060606060600
 2018 |     4 | MA             |                 46 |                  46 |               49 |                  48 |                    45 |           7929.93 |     2093.60 |                10023.53 |   10023.53 |   217.9028260869565217 | 217.9028260869565217 |      20.0206912391304348 |       15.21739130434782608700
 2018 |     4 | MG             |                778 |                 772 |              882 |                 660 |                   377 |         109851.50 |    18967.31 |               128818.81 |  128829.91 |   165.5768766066838046 | 165.5911439588688946 |      11.1212561940874036 |        2.95629820051413881700
 2018 |     4 | MS             |                 43 |                  43 |               52 |                  45 |                    41 |           5875.85 |     1177.29 |                 7053.14 |    7053.14 |   164.0265116279069767 | 164.0265116279069767 |      16.4477830000000000 |        9.30232558139534883700
 2018 |     4 | MT             |                 64 |                  62 |               68 |                  63 |                    54 |          11354.49 |     2187.96 |                13542.45 |   13542.45 |   211.6007812500000000 | 211.6007812500000000 |      18.1339807812500000 |        1.56250000000000000000
 2018 |     4 | PA             |                 66 |                  65 |               76 |                  66 |                    59 |          11155.98 |     2669.57 |                13825.55 |   13825.55 |   209.4780303030303030 | 209.4780303030303030 |      31.4156270151515152 |       33.33333333333333333300
 2018 |     4 | PB             |                 28 |                  27 |               29 |                  26 |                    25 |           4215.25 |     1301.12 |                 5516.37 |    5516.37 |   197.0132142857142857 | 197.0132142857142857 |      23.7792604285714286 |       21.42857142857142857100
 2018 |     4 | PE             |                110 |                 109 |              125 |                 106 |                    85 |          17071.61 |     4438.89 |                21510.50 |   21510.50 |   195.5500000000000000 | 195.5500000000000000 |      20.7497774818181818 |       14.54545454545454545500
 2018 |     4 | PI             |                 34 |                  33 |               37 |                  34 |                    30 |          10365.04 |     1992.27 |                12357.31 |   12357.31 |   363.4502941176470588 | 363.4502941176470588 |      16.3576211764705882 |       11.76470588235294117600
 2018 |     4 | PR             |                381 |                 378 |              454 |                 357 |                   247 |          65914.88 |    10320.32 |                76235.20 |   76235.20 |   200.0923884514435696 | 200.0923884514435696 |      10.1689025958005249 |        1.57480314960629921300
 2018 |     4 | RJ             |                807 |                 797 |              936 |                 717 |                   422 |         119055.34 |    20617.37 |               139672.71 |  139672.72 |   173.0764684014869888 | 173.0764807930607187 |      14.2826147558859975 |        5.94795539033457249100
 2018 |     4 | RN             |                 32 |                  32 |               35 |                  33 |                    31 |           6001.74 |     1517.10 |                 7518.84 |    7518.84 |   234.9637500000000000 | 234.9637500000000000 |      27.3276117812500000 |       37.50000000000000000000
 2018 |     4 | RO             |                 11 |                  11 |               11 |                  10 |                    10 |           3499.77 |      585.95 |                 4085.72 |    4085.72 |   371.4290909090909091 | 371.4290909090909091 |      22.5399990000000000 |        0.00000000000000000000
 2018 |     4 | RR             |                  2 |                   2 |                2 |                   2 |                     2 |            712.65 |       59.36 |                  772.01 |     772.01 |   386.0050000000000000 | 386.0050000000000000 |      42.7430495000000000 |       50.00000000000000000000
 2018 |     4 | RS             |                345 |                 343 |              388 |                 323 |                   208 |          50165.45 |     8612.12 |                58777.57 |   58777.58 |   170.3697681159420290 | 170.3697971014492754 |      13.3399122637681159 |        3.47826086956521739100
 2018 |     4 | SC             |                245 |                 244 |              306 |                 236 |                   180 |          44555.86 |     7173.84 |                51729.70 |   51729.75 |   211.1416326530612245 | 211.1418367346938776 |      12.0136969142857143 |        2.44897959183673469400
 2018 |     4 | SE             |                 13 |                  13 |               13 |                  13 |                    13 |           3109.42 |      423.56 |                 3532.98 |    3532.98 |   271.7676923076923077 | 271.7676923076923077 |      29.2959437692307692 |       46.15384615384615384600
 2018 |     4 | SP             |               3002 |                2982 |             3488 |                2228 |                   815 |         391246.99 |    52178.35 |               443425.34 |  443437.16 |   147.7099733510992672 | 147.7139107261825450 |       7.3002253817455030 |        2.09860093271152565000
 2018 |     4 | TO             |                 19 |                  19 |               21 |                  19 |                    18 |           4291.82 |     1078.69 |                 5370.51 |    5370.51 |   282.6584210526315789 | 282.6584210526315789 |      16.6857645789473684 |        5.26315789473684210500
 2018 |     5 | AC             |                  2 |                   2 |                2 |                   2 |                     2 |           1364.89 |      136.53 |                 1501.42 |    1501.42 |   750.7100000000000000 | 750.7100000000000000 |      20.5852080000000000 |        0.00000000000000000000
 2018 |     5 | AL             |                 19 |                  17 |               19 |                  16 |                    16 |           3657.09 |      736.01 |                 4393.10 |    4393.10 |   231.2157894736842105 | 231.2157894736842105 |      21.4878655789473684 |       15.78947368421052631600
 2018 |     5 | AM             |                  9 |                   9 |                9 |                   9 |                     9 |           1811.80 |      369.99 |                 2181.79 |    2192.48 |   242.4211111111111111 | 243.6088888888888889 |      26.4919471111111111 |        0.00000000000000000000
 2018 |     5 | AP             |                  6 |                   6 |                7 |                   6 |                     6 |            955.68 |      234.25 |                 1189.93 |    1189.93 |   198.3216666666666667 | 198.3216666666666667 |      23.7492285000000000 |        0.00000000000000000000
 2018 |     5 | BA             |                237 |                 237 |              275 |                 212 |                   156 |          34970.44 |     7343.34 |                42313.78 |   42323.57 |   178.5391561181434599 | 178.5804641350210970 |      20.3631482869198312 |       21.51898734177215189900
 2018 |     5 | CE             |                 72 |                  72 |               73 |                  67 |                    57 |          11930.56 |     2564.78 |                14495.34 |   14495.34 |   201.3241666666666667 | 201.3241666666666667 |      21.1979152361111111 |       15.27777777777777777800
 2018 |     5 | DF             |                140 |                 138 |              158 |                 141 |                   110 |          25182.60 |     3653.76 |                28836.36 |   28836.36 |   205.9740000000000000 | 205.9740000000000000 |      11.9079070642857143 |       12.14285714285714285700
 2018 |     5 | ES             |                132 |                 131 |              154 |                 119 |                    93 |          18652.84 |     3384.84 |                22037.68 |   22037.67 |   166.9521212121212121 | 166.9520454545454545 |      16.0287293333333333 |       18.93939393939393939400
 2018 |     5 | GO             |                136 |                 136 |              157 |                 130 |                   104 |          23905.25 |     3632.52 |                27537.77 |   27537.77 |   202.4836029411764706 | 202.4836029411764706 |      13.8652196691176471 |        7.35294117647058823500
 2018 |     5 | MA             |                 32 |                  32 |               40 |                  38 |                    29 |           7084.04 |     1505.51 |                 8589.55 |    8589.54 |   268.4234375000000000 | 268.4231250000000000 |      18.7897515312500000 |       15.62500000000000000000
 2018 |     5 | MG             |                751 |                 748 |              882 |                 635 |                   374 |         101778.35 |    17730.23 |               119508.58 |  119510.80 |   159.1325965379494008 | 159.1355525965379494 |      12.0108879893475366 |       11.58455392809587217000
 2018 |     5 | MS             |                 44 |                  44 |               50 |                  44 |                    40 |           9923.06 |     1136.67 |                11059.73 |   11059.73 |   251.3575000000000000 | 251.3575000000000000 |      13.5825547954545455 |       11.36363636363636363600
 2018 |     5 | MT             |                 66 |                  65 |               79 |                  66 |                    61 |          12261.85 |     2528.04 |                14789.89 |   14789.90 |   224.0892424242424242 | 224.0893939393939394 |      16.3858059545454545 |        4.54545454545454545500
 2018 |     5 | PA             |                 40 |                  40 |               45 |                  43 |                    38 |           7455.64 |     1704.91 |                 9160.55 |    9160.55 |   229.0137500000000000 | 229.0137500000000000 |      25.4486093750000000 |       12.50000000000000000000
 2018 |     5 | PB             |                 29 |                  27 |               30 |                  29 |                    24 |           4860.44 |     1049.15 |                 5909.59 |    5909.59 |   203.7789655172413793 | 203.7789655172413793 |      20.6935679655172414 |        6.89655172413793103400
 2018 |     5 | PE             |                102 |                 101 |              110 |                  93 |                    68 |          13584.03 |     2922.20 |                16506.23 |   16506.23 |   161.8257843137254902 | 161.8257843137254902 |      18.3374603627450980 |       16.66666666666666666700
 2018 |     5 | PI             |                 30 |                  30 |               40 |                  33 |                    28 |           6675.71 |     1747.23 |                 8422.94 |    8422.94 |   280.7646666666666667 | 280.7646666666666667 |      21.0676057000000000 |       20.00000000000000000000
 2018 |     5 | PR             |                308 |                 307 |              349 |                 283 |                   217 |          46153.08 |     7841.01 |                53994.09 |   53994.09 |   175.3054870129870130 | 175.3054870129870130 |      12.3140889870129870 |       10.71428571428571428600
 2018 |     5 | RJ             |                816 |                 808 |              954 |                 706 |                   413 |         124102.10 |    19267.15 |               143369.25 |  143369.25 |   175.6976102941176471 | 175.6976102941176471 |      13.2523116164215686 |        8.08823529411764705900
 2018 |     5 | RN             |                 22 |                  22 |               25 |                  21 |                    20 |           4233.02 |      765.84 |                 4998.86 |    4998.86 |   227.2209090909090909 | 227.2209090909090909 |      17.5456561818181818 |        9.09090909090909090900
 2018 |     5 | RO             |                 17 |                  17 |               20 |                  18 |                    16 |           2255.24 |      902.27 |                 3157.51 |    3157.51 |   185.7358823529411765 | 185.7358823529411765 |      21.1031317647058824 |        0.00000000000000000000
 2018 |     5 | RR             |                  1 |                   1 |                1 |                   1 |                     1 |             89.90 |       81.79 |                  171.69 |     171.69 |   171.6900000000000000 | 171.6900000000000000 |      18.3615860000000000 |        0.00000000000000000000
 2018 |     5 | RS             |                350 |                 348 |              416 |                 332 |                   218 |          50501.55 |     9231.92 |                59733.47 |   59768.96 |   170.6670571428571429 | 170.7684571428571429 |      13.4398974714285714 |        3.42857142857142857100
 2018 |     5 | SC             |                226 |                 225 |              268 |                 220 |                   160 |          35704.00 |     6074.77 |                41778.77 |   41778.76 |   184.8618141592920354 | 184.8617699115044248 |      13.4137497212389381 |        7.96460176991150442500
 2018 |     5 | SE             |                  8 |                   8 |                9 |                   8 |                     6 |           1083.18 |      237.41 |                 1320.59 |    1320.59 |   165.0737500000000000 | 165.0737500000000000 |      19.7078847500000000 |       25.00000000000000000000
 2018 |     5 | SP             |               3138 |                3106 |             3622 |                2240 |                   808 |         424628.36 |    53873.37 |               478501.73 |  478505.73 |   152.4862109623964308 | 152.4874856596558317 |       8.0388720022307202 |        5.48119821542383683900
 2018 |     5 | TO             |                 16 |                  16 |               16 |                  16 |                    16 |           2739.99 |      574.34 |                 3314.33 |    3314.33 |   207.1456250000000000 | 207.1456250000000000 |      19.1166855000000000 |       25.00000000000000000000
 2018 |     6 | AC             |                  3 |                   3 |                3 |                   3 |                     3 |            427.90 |      169.36 |                  597.26 |     597.26 |   199.0866666666666667 | 199.0866666666666667 |      11.4650580000000000 |        0.00000000000000000000
 2018 |     6 | AL             |                 24 |                  24 |               26 |                  23 |                    20 |           3730.60 |     1122.33 |                 4852.93 |    4852.93 |   202.2054166666666667 | 202.2054166666666667 |      20.5111033750000000 |        0.00000000000000000000
 2018 |     6 | AM             |                  7 |                   7 |               10 |                   7 |                     7 |            924.72 |      286.42 |                 1211.14 |    1211.14 |   173.0200000000000000 | 173.0200000000000000 |      18.5329694285714286 |        0.00000000000000000000
 2018 |     6 | AP             |                  2 |                   2 |                2 |                   2 |                     2 |            167.48 |       80.44 |                  247.92 |     247.92 |   123.9600000000000000 | 123.9600000000000000 |      17.1934085000000000 |        0.00000000000000000000
 2018 |     6 | BA             |                198 |                 194 |              217 |                 192 |                   139 |          34709.58 |     7212.55 |                41922.13 |   41951.13 |   211.7279292929292929 | 211.8743939393939394 |      18.0787352727272727 |        7.07070707070707070700
 2018 |     6 | CE             |                 72 |                  72 |               81 |                  73 |                    60 |          16240.42 |     3486.05 |                19726.47 |   19726.47 |   273.9787500000000000 | 273.9787500000000000 |      15.2646545694444444 |        0.00000000000000000000
 2018 |     6 | DF             |                147 |                 147 |              160 |                 142 |                   120 |          19246.82 |     3629.15 |                22875.97 |   22880.21 |   155.6188435374149660 | 155.6476870748299320 |       9.1374771156462585 |        0.68027210884353741500
 2018 |     6 | ES             |                123 |                 123 |              138 |                 123 |                   100 |          17102.96 |     3544.12 |                20647.08 |   20648.46 |   167.8624390243902439 | 167.8736585365853659 |      13.7087867073170732 |        4.87804878048780487800
 2018 |     6 | GO             |                105 |                 105 |              112 |                 106 |                    84 |          14358.06 |     3023.25 |                17381.31 |   17381.31 |   165.5362857142857143 | 165.5362857142857143 |      11.9623931047619048 |        0.95238095238095238100
 2018 |     6 | MA             |                 41 |                  41 |               42 |                  39 |                    35 |           5909.48 |     1935.89 |                 7845.37 |    7845.37 |   191.3504878048780488 | 191.3504878048780488 |      20.0009408780487805 |       14.63414634146341463400
 2018 |     6 | MG             |                714 |                 705 |              819 |                 618 |                   361 |         105757.72 |    19601.25 |               125358.97 |  125358.97 |   175.5727871148459384 | 175.5727871148459384 |       8.5449689075630252 |        0.14005602240896358500
 2018 |     6 | MS             |                 49 |                  48 |               59 |                  50 |                    44 |           8887.25 |     1878.50 |                10765.75 |   10765.75 |   219.7091836734693878 | 219.7091836734693878 |      12.0440702857142857 |        2.04081632653061224500
 2018 |     6 | MT             |                 58 |                  58 |               70 |                  63 |                    55 |          10335.29 |     2673.26 |                13008.55 |   13008.55 |   224.2853448275862069 | 224.2853448275862069 |      14.7282002413793103 |        1.72413793103448275900
 2018 |     6 | PA             |                 54 |                  54 |               60 |                  53 |                    50 |           9358.21 |     2592.34 |                11950.55 |   11950.55 |   221.3064814814814815 | 221.3064814814814815 |      17.8468254814814815 |        0.00000000000000000000
 2018 |     6 | PB             |                 28 |                  28 |               29 |                  26 |                    20 |          12993.83 |     1227.30 |                14221.13 |   14221.13 |   507.8975000000000000 | 507.8975000000000000 |      15.9635350714285714 |        3.57142857142857142900
 2018 |     6 | PE             |                 91 |                  91 |               97 |                  90 |                    75 |          14231.94 |     3589.44 |                17821.38 |   17821.38 |   195.8393406593406593 | 195.8393406593406593 |      12.5055904175824176 |        2.19780219780219780200
 2018 |     6 | PI             |                 29 |                  29 |               30 |                  29 |                    27 |           4845.70 |     1154.26 |                 5999.96 |    5999.96 |   206.8951724137931034 | 206.8951724137931034 |      22.9125551379310345 |       31.03448275862068965500
 2018 |     6 | PR             |                306 |                 304 |              349 |                 295 |                   229 |          42211.86 |     8036.20 |                50248.06 |   50248.06 |   164.2093464052287582 | 164.2093464052287582 |       8.8375526699346405 |        0.00000000000000000000
 2018 |     6 | RJ             |                707 |                 703 |              809 |                 623 |                   368 |         100123.89 |    19118.91 |               119242.80 |  119246.48 |   168.6602545968882603 | 168.6654596888260255 |      10.5576779476661952 |        1.41442715700141442700
 2018 |     6 | RN             |                 35 |                  35 |               36 |                  36 |                    33 |           6493.46 |     1902.54 |                 8396.00 |    8396.00 |   239.8857142857142857 | 239.8857142857142857 |      13.7827213142857143 |        0.00000000000000000000
 2018 |     6 | RO             |                 11 |                  11 |               12 |                  11 |                    11 |           1921.57 |      497.40 |                 2418.97 |    2418.97 |   219.9063636363636364 | 219.9063636363636364 |      15.7547621818181818 |        0.00000000000000000000
 2018 |     6 | RR             |                  5 |                   5 |                7 |                   5 |                     4 |           1331.99 |      310.42 |                 1642.41 |    1642.41 |   328.4820000000000000 | 328.4820000000000000 |      18.3382104000000000 |        0.00000000000000000000
 2018 |     6 | RS             |                304 |                 304 |              341 |                 290 |                   211 |          44093.83 |     8986.85 |                53080.68 |   53147.64 |   174.6075000000000000 | 174.8277631578947368 |      12.0530871513157895 |        1.31578947368421052600
 2018 |     6 | SC             |                205 |                 203 |              246 |                 201 |                   160 |          32740.72 |     6314.55 |                39055.27 |   39055.27 |   190.5135121951219512 | 190.5135121951219512 |      10.0219050536585366 |        0.00000000000000000000
 2018 |     6 | SE             |                 25 |                  25 |               30 |                  24 |                    19 |           3286.22 |     1127.29 |                 4413.51 |    4413.51 |   176.5404000000000000 | 176.5404000000000000 |      14.7561227200000000 |        0.00000000000000000000
 2018 |     6 | SP             |               2738 |                2723 |             3201 |                2130 |                   845 |         340596.94 |    51462.75 |               392059.69 |  392066.82 |   143.1919978086194302 | 143.1946018991964938 |       6.5192555338208410 |        0.94959824689554419300
 2018 |     6 | TO             |                 18 |                  18 |               24 |                  19 |                    18 |           4049.42 |      937.61 |                 4987.03 |    4987.03 |   277.0572222222222222 | 277.0572222222222222 |      14.1678613333333333 |        0.00000000000000000000
 2018 |     7 | AC             |                  4 |                   4 |                9 |                   4 |                     4 |           1469.97 |      299.98 |                 1769.95 |    1769.95 |   442.4875000000000000 | 442.4875000000000000 |      13.8547975000000000 |        0.00000000000000000000
 2018 |     7 | AL             |                 22 |                  22 |               22 |                  21 |                    21 |           3856.33 |      836.25 |                 4692.58 |    4692.58 |   213.2990909090909091 | 213.2990909090909091 |      23.3261380000000000 |       18.18181818181818181800
 2018 |     7 | AM             |                 18 |                  18 |               21 |                  18 |                    18 |           2004.91 |      593.50 |                 2598.41 |    2598.41 |   144.3561111111111111 | 144.3561111111111111 |      22.2733173333333333 |        5.55555555555555555600
 2018 |     7 | AP             |                  6 |                   6 |                6 |                   6 |                     6 |           1350.84 |      262.79 |                 1613.63 |    1613.63 |   268.9383333333333333 | 268.9383333333333333 |      31.0491048333333333 |        0.00000000000000000000
 2018 |     7 | BA             |                245 |                 243 |              257 |                 232 |                   183 |          41869.01 |     8041.33 |                49910.34 |   49918.37 |   203.7156734693877551 | 203.7484489795918367 |      13.5639698040816327 |        6.93877551020408163300
 2018 |     7 | CE             |                 84 |                  83 |               92 |                  81 |                    60 |          13487.42 |     3095.39 |                16582.81 |   16582.81 |   197.4144047619047619 | 197.4144047619047619 |      12.7241810119047619 |        2.38095238095238095200
 2018 |     7 | DF             |                165 |                 162 |              183 |                 160 |                   125 |          22685.44 |     4558.60 |                27244.04 |   27244.04 |   165.1153939393939394 | 165.1153939393939394 |       9.3866889515151515 |        4.24242424242424242400
 2018 |     7 | ES             |                122 |                 121 |              135 |                 121 |                    99 |          30001.36 |     3518.10 |                33519.46 |   33519.46 |   274.7496721311475410 | 274.7496721311475410 |      12.2929615573770492 |        9.83606557377049180300
 2018 |     7 | GO             |                112 |                 108 |              138 |                 116 |                    97 |          20503.30 |     3876.14 |                24379.44 |   24379.44 |   217.6735714285714286 | 217.6735714285714286 |      12.1667531160714286 |        5.35714285714285714300
 2018 |     7 | MA             |                 39 |                  39 |               41 |                  38 |                    35 |           5895.44 |     1851.32 |                 7746.76 |    7746.76 |   198.6348717948717949 | 198.6348717948717949 |      17.7197451538461538 |       17.94871794871794871800
 2018 |     7 | MG             |                644 |                 637 |              705 |                 582 |                   369 |          92328.16 |    16434.04 |               108762.20 |  108762.17 |   168.8854037267080745 | 168.8853571428571429 |       8.4247385854037267 |        1.70807453416149068300
 2018 |     7 | MS             |                 49 |                  49 |               55 |                  51 |                    44 |           6810.83 |     1484.51 |                 8295.34 |    8295.34 |   169.2926530612244898 | 169.2926530612244898 |      11.5371659795918367 |        4.08163265306122449000
 2018 |     7 | MT             |                 47 |                  47 |               60 |                  51 |                    48 |          10599.64 |     2046.02 |                12645.66 |   12645.68 |   269.0565957446808511 | 269.0570212765957447 |      12.7307953829787234 |        0.00000000000000000000
 2018 |     7 | PA             |                 57 |                  57 |               61 |                  59 |                    52 |          13195.94 |     2655.70 |                15851.64 |   15851.64 |   278.0989473684210526 | 278.0989473684210526 |      15.3003624736842105 |        5.26315789473684210500
 2018 |     7 | PB             |                 51 |                  50 |               61 |                  50 |                    45 |          15188.68 |     4751.35 |                19940.03 |   19940.03 |   390.9809803921568627 | 390.9809803921568627 |      14.7661831372549020 |        3.92156862745098039200
 2018 |     7 | PE             |                136 |                 134 |              143 |                 134 |                   105 |          24359.04 |     5822.19 |                30181.23 |   30181.23 |   221.9208088235294118 | 221.9208088235294118 |      13.1324527720588235 |        5.88235294117647058800
 2018 |     7 | PI             |                 32 |                  32 |               32 |                  32 |                    30 |           6933.47 |     1537.64 |                 8471.11 |    8471.11 |   264.7221875000000000 | 264.7221875000000000 |      15.4119245937500000 |        9.37500000000000000000
 2018 |     7 | PR             |                314 |                 312 |              363 |                 306 |                   209 |          45108.95 |     8616.56 |                53725.51 |   53725.49 |   171.1003503184713376 | 171.1002866242038217 |       8.6429892738853503 |        2.54777070063694267500
 2018 |     7 | RJ             |                696 |                 687 |              791 |                 610 |                   370 |          97033.40 |    19710.03 |               116743.43 |  116748.54 |   167.7348132183908046 | 167.7421551724137931 |       9.5644682428160920 |        3.59195402298850574700
 2018 |     7 | RN             |                 29 |                  29 |               31 |                  28 |                    26 |           8415.43 |     1264.30 |                 9679.73 |    9679.73 |   333.7837931034482759 | 333.7837931034482759 |      13.0548531379310345 |        0.00000000000000000000
 2018 |     7 | RO             |                 16 |                  16 |               16 |                  16 |                    16 |           4503.80 |      745.58 |                 5249.38 |    5249.38 |   328.0862500000000000 | 328.0862500000000000 |      13.2688686875000000 |        0.00000000000000000000
 2018 |     7 | RR             |                  5 |                   5 |                7 |                   5 |                     5 |           1514.70 |      445.89 |                 1960.59 |    1960.59 |   392.1180000000000000 | 392.1180000000000000 |      18.8250024000000000 |        0.00000000000000000000
 2018 |     7 | RS             |                308 |                 305 |              365 |                 300 |                   222 |          39333.14 |     8946.54 |                48279.68 |   48279.67 |   156.7522077922077922 | 156.7521753246753247 |      10.4061606525974026 |        1.94805194805194805200
 2018 |     7 | SC             |                195 |                 194 |              215 |                 193 |                   156 |          30923.99 |     5913.40 |                36837.39 |   36837.39 |   188.9096923076923077 | 188.9096923076923077 |       9.4575755179487179 |        2.05128205128205128200
 2018 |     7 | SE             |                 26 |                  26 |               26 |                  26 |                    23 |           4319.35 |     1191.68 |                 5511.03 |    5511.03 |   211.9626923076923077 | 211.9626923076923077 |      14.4470326538461538 |        7.69230769230769230800
 2018 |     7 | SP             |               2715 |                2693 |             3103 |                2164 |                   846 |         321647.25 |    50173.57 |               371820.82 |  371904.30 |   136.9505782688766114 | 136.9813259668508287 |       6.7126497647492625 |        5.30386740331491712700
 2018 |     7 | TO             |                 22 |                  22 |               25 |                  24 |                    21 |           2613.67 |     1181.42 |                 3795.09 |    3795.09 |   172.5040909090909091 | 172.5040909090909091 |      14.5558980000000000 |        9.09090909090909090900
 2018 |     8 | AC             |                  3 |                   3 |                3 |                   3 |                     3 |            446.69 |      157.83 |                  604.52 |     604.52 |   201.5066666666666667 | 201.5066666666666667 |      13.6420990000000000 |        0.00000000000000000000
 2018 |     8 | AL             |                 16 |                  16 |               17 |                  17 |                    16 |           2253.28 |      660.43 |                 2913.71 |    2913.71 |   182.1068750000000000 | 182.1068750000000000 |      14.3307110625000000 |        0.00000000000000000000
 2018 |     8 | AM             |                  4 |                   4 |                4 |                   4 |                     4 |            380.70 |      131.80 |                  512.50 |     512.50 |   128.1250000000000000 | 128.1250000000000000 |      19.5663282500000000 |        0.00000000000000000000
 2018 |     8 | AP             |                  2 |                   2 |                2 |                   2 |                     2 |            194.00 |       63.40 |                  257.40 |     257.40 |   128.7000000000000000 | 128.7000000000000000 |      16.6529515000000000 |        0.00000000000000000000
 2018 |     8 | BA             |                159 |                 159 |              167 |                 152 |                   121 |          21113.85 |     4981.74 |                26095.59 |   26099.45 |   164.1232075471698113 | 164.1474842767295597 |      11.5097892452830189 |        1.25786163522012578600
 2018 |     8 | CE             |                 55 |                  55 |               61 |                  56 |                    45 |           9457.04 |     2424.53 |                11881.57 |   11881.57 |   216.0285454545454545 | 216.0285454545454545 |      13.1796578181818182 |        0.00000000000000000000
 2018 |     8 | DF             |                143 |                 143 |              158 |                 141 |                   119 |          19881.60 |     3550.11 |                23431.71 |   23421.71 |   163.8581118881118881 | 163.7881818181818182 |       9.1417507132867133 |        4.89510489510489510500
 2018 |     8 | ES             |                103 |                 102 |              112 |                 107 |                    81 |          16447.04 |     2906.89 |                19353.93 |   19366.10 |   187.9022330097087379 | 188.0203883495145631 |      10.0804269514563107 |        0.97087378640776699000
 2018 |     8 | GO             |                117 |                 117 |              130 |                 115 |                    96 |          18028.99 |     3175.66 |                21204.65 |   21204.65 |   181.2363247863247863 | 181.2363247863247863 |      10.4464070854700855 |        4.27350427350427350400
 2018 |     8 | MA             |                 29 |                  29 |               29 |                  28 |                    25 |           4144.30 |     1055.73 |                 5200.03 |    5200.03 |   179.3113793103448276 | 179.3113793103448276 |      12.6799585172413793 |       10.34482758620689655200
 2018 |     8 | MG             |                700 |                 697 |              758 |                 646 |                   410 |          95308.39 |    18261.47 |               113569.86 |  113583.87 |   162.2426571428571429 | 162.2626714285714286 |       7.5487472671428571 |        3.14285714285714285700
 2018 |     8 | MS             |                 35 |                  35 |               40 |                  37 |                    36 |           5551.43 |     1000.52 |                 6551.95 |    6551.94 |   187.1985714285714286 | 187.1982857142857143 |      14.8019946857142857 |       37.14285714285714285700
 2018 |     8 | MT             |                 39 |                  39 |               49 |                  46 |                    42 |           4619.24 |     1113.40 |                 5732.64 |    5732.64 |   146.9907692307692308 | 146.9907692307692308 |      11.5170732051282051 |        2.56410256410256410300
 2018 |     8 | PA             |                 43 |                  43 |               50 |                  44 |                    37 |           8928.78 |     2037.12 |                10965.90 |   10965.90 |   255.0209302325581395 | 255.0209302325581395 |      13.9118529534883721 |        0.00000000000000000000
 2018 |     8 | PB             |                 28 |                  28 |               29 |                  27 |                    26 |           7669.63 |     1466.01 |                 9135.64 |    9131.74 |   326.2728571428571429 | 326.1335714285714286 |      13.4066005357142857 |        7.14285714285714285700
 2018 |     8 | PE             |                 83 |                  83 |               90 |                  84 |                    61 |          11648.23 |     3499.93 |                15148.16 |   15148.16 |   182.5079518072289157 | 182.5079518072289157 |      12.2635839277108434 |        4.81927710843373494000
 2018 |     8 | PI             |                 20 |                  20 |               20 |                  19 |                    18 |           2923.23 |      941.63 |                 3864.86 |    3864.86 |   193.2430000000000000 | 193.2430000000000000 |      11.8953570000000000 |        0.00000000000000000000
 2018 |     8 | PR             |                327 |                 322 |              363 |                 317 |                   230 |          38500.40 |     8055.60 |                46556.00 |   46541.04 |   142.3730886850152905 | 142.3273394495412844 |       8.0761036574923547 |        4.89296636085626911300
 2018 |     8 | RJ             |                723 |                 718 |              797 |                 659 |                   407 |          93770.55 |    17440.36 |               111210.91 |  111197.55 |   153.8186860304287690 | 153.8002074688796680 |       8.2890444343015214 |        8.29875518672199170100
 2018 |     8 | RN             |                 20 |                  20 |               20 |                  20 |                    20 |           5236.37 |      757.38 |                 5993.75 |    5993.75 |   299.6875000000000000 | 299.6875000000000000 |      12.0156076000000000 |        5.00000000000000000000
 2018 |     8 | RO             |                  8 |                   8 |                9 |                   8 |                     8 |           2789.78 |      446.85 |                 3236.63 |    3236.63 |   404.5787500000000000 | 404.5787500000000000 |      12.6077052500000000 |        0.00000000000000000000
 2018 |     8 | RS             |                293 |                 288 |              363 |                 296 |                   206 |          42844.47 |     8919.26 |                51763.73 |   51763.72 |   176.6680204778156997 | 176.6679863481228669 |       9.9369593651877133 |        4.77815699658703071700
 2018 |     8 | SC             |                201 |                 200 |              238 |                 198 |                   162 |          32220.93 |     5983.57 |                38204.50 |   38204.49 |   190.0721393034825871 | 190.0720895522388060 |       9.0514828955223881 |        5.97014925373134328400
 2018 |     8 | SE             |                 23 |                  23 |               23 |                  22 |                    21 |           4558.04 |     1042.75 |                 5600.79 |    5600.79 |   243.5126086956521739 | 243.5126086956521739 |      12.5926408695652174 |        0.00000000000000000000
 2018 |     8 | SP             |               3164 |                3143 |             3595 |                2431 |                   925 |         387733.71 |    56101.49 |               443835.20 |  443770.05 |   140.2766118836915297 | 140.2560208596713021 |       6.1957350009481669 |       15.61314791403286978500
 2018 |     8 | TO             |                 13 |                  13 |               15 |                  15 |                    13 |           1925.97 |      739.54 |                 2665.51 |    2665.51 |   205.0392307692307692 | 205.0392307692307692 |      12.2357415384615385 |       23.07692307692307692300
(556 rows)

